"","G_1","G_2","G_3","G_4","G_5","G_6","G_7","G_8","G_9","G_10","G_11","G_12","G_13","G_14","G_15","G_16","G_17","G_18","G_19","G_20","G_21","G_22","G_23","G_24","G_25","G_26","G_27","G_28","G_29","G_30","G_31","G_32","G_33","G_34","G_35","G_36","G_37","G_38","G_39","G_40","G_41","G_42","G_43","G_44","G_45","G_46","G_47","G_48","G_49","G_50","G_51","G_52","G_53","G_54","G_56","G_57","G_58","G_59","G_60","G_61","G_62","G_63","G_64","G_65","G_66","G_67","G_68","G_69","G_70","G_71","G_72","G_73","G_74","G_75","G_76","G_77","G_78","G_79","G_80","G_81","G_82","G_83","G_84","G_85","G_86","G_87","G_88","G_89","G_90","G_91","G_92","G_93","G_94","G_95","G_96","G_97","G_98"
"G_1",0,0.367125,0.890625,0.596,0.14025,0.160625,0.09175,0.686625,0.72275,0.21925,0.557125,0.099125,0.91575,0.726875,0.010375,0.718875,0.35075,0.25475,0.054625,0.989125,0.843625,0.069875,0.012875,0.11125,0.91025,0.67825,0.663375,0.921625,0.76975,0.494125,0.85525,0.981875,0.834875,0.921875,0.4455,0.815875,0.022875,0.964125,0.647375,0.87475,0.827125,0.847875,0.935875,0.96125,0.908375,0.929625,0.86175,0.1935,0.645875,0.964125,0.60725,0.60925,0.97025,0.416875,0.231125,0.1825,0.451375,0.011875,0.705875,0.220875,0.119625,0.623,0.47825,0.31025,0.090875,0.188125,0.66275,0.11725,0.4985,0.071,0.240625,0.786625,0.371,0.230125,0.277375,0.672625,0.101125,0.080375,0.437,0.224875,0.301,0.035,0.1495,0.30425,0.08825,0.027875,0.137375,0.60825,0.17975,0.39475,0.686125,0.961125,0.57625,0.04825,0.05075,0.044125,0.31275
"G_2",0.632875,0,0.926875,0.742625,0.196375,0.2225,0.145375,0.812625,0.813625,0.314625,0.65975,0.15925,0.94475,0.814125,0.01425,0.8215,0.48625,0.400625,0.064875,0.991625,0.892375,0.09775,0.013125,0.148125,0.944875,0.799125,0.788375,0.95225,0.862625,0.626125,0.918125,0.987,0.878375,0.938375,0.5905,0.865625,0.03425,0.9705,0.755,0.93225,0.902375,0.902,0.961,0.975375,0.94325,0.96,0.914375,0.28825,0.752875,0.97275,0.736,0.749,0.975625,0.551375,0.346875,0.268,0.5905,0.017375,0.792375,0.310125,0.186625,0.739125,0.615875,0.442625,0.124375,0.267125,0.80025,0.21775,0.664375,0.09175,0.3585,0.859125,0.488375,0.360125,0.3965,0.76575,0.151,0.12,0.5685,0.33775,0.430625,0.051375,0.21875,0.438875,0.144375,0.042125,0.20225,0.715625,0.25425,0.51675,0.776375,0.967375,0.694,0.067625,0.074125,0.063875,0.46375
"G_3",0.109375,0.073125,0,0.115,0.007125,0.01775,0.002375,0.151875,0.223375,0.03025,0.23225,0.00275,0.630625,0.289875,0,0.17975,0.06725,0.02025,0.00175,0.954875,0.44375,0.0055,0,0.008,0.5335,0.201375,0.162125,0.56125,0.214375,0.101,0.472875,0.91325,0.49775,0.701875,0.0535,0.4905,0.00075,0.853375,0.17175,0.529625,0.337375,0.51275,0.671,0.807625,0.642,0.669,0.372,0.017625,0.1995,0.878125,0.116125,0.12825,0.898125,0.09425,0.014,0.009625,0.092,0.00025,0.319625,0.02875,0.003125,0.1855,0.08975,0.031375,0.0055,0.017125,0.147625,0.002375,0.06975,0.003875,0.025875,0.346375,0.081375,0.01125,0.0415,0.291125,0.0085,0.005,0.09275,0.03125,0.02975,0.0015,0.015125,0.037875,0.00325,0.001125,0.016,0.219,0.020875,0.08625,0.309,0.858,0.16225,0.002375,0.0045,0.002375,0.02025
"G_4",0.404,0.257375,0.885,0,0.062625,0.08375,0.032125,0.6175,0.66425,0.129,0.49675,0.037125,0.91575,0.682375,0.001375,0.66225,0.247625,0.135125,0.02,0.990125,0.81625,0.028125,0.0035,0.055625,0.915125,0.6125,0.591625,0.930125,0.733375,0.3965,0.847875,0.987,0.809125,0.91575,0.323375,0.782,0.007125,0.96525,0.567375,0.8695,0.815,0.829875,0.944375,0.967875,0.913125,0.93925,0.85125,0.09875,0.576125,0.956375,0.512125,0.504625,0.9675,0.304375,0.121875,0.08375,0.352375,0.0025,0.652125,0.1355,0.038,0.55525,0.364375,0.188,0.035,0.097875,0.57625,0.034,0.364875,0.0295,0.136125,0.75125,0.2845,0.10425,0.17425,0.61975,0.050125,0.03975,0.3355,0.137,0.189,0.01,0.08225,0.1975,0.034,0.011125,0.071375,0.535375,0.100125,0.303125,0.633375,0.953375,0.49475,0.015875,0.019625,0.0175,0.169
"G_5",0.85975,0.803625,0.992875,0.937375,0,0.480875,0.409875,0.9735,0.95775,0.6355,0.8495,0.45025,0.996375,0.947875,0.016375,0.971375,0.792375,0.76575,0.138375,0.9995,0.979125,0.1975,0.024625,0.34175,0.9955,0.961,0.961875,0.997,0.9855,0.857125,0.989125,0.999875,0.96675,0.991,0.845125,0.960125,0.06,0.997625,0.93725,0.99375,0.987875,0.979625,0.998125,0.999125,0.992625,0.997,0.99425,0.604375,0.919125,0.99625,0.938375,0.951875,0.9965,0.892625,0.74075,0.634875,0.842875,0.02925,0.942125,0.58375,0.522375,0.91175,0.865125,0.8445,0.29975,0.598,0.974625,0.57925,0.930125,0.20275,0.678375,0.973125,0.757125,0.74325,0.70725,0.931,0.334125,0.27025,0.833375,0.639,0.740125,0.105125,0.465625,0.753875,0.354,0.083125,0.419875,0.896875,0.51075,0.782375,0.927375,0.996,0.88575,0.154875,0.162625,0.13225,0.842625
"G_6",0.839375,0.7775,0.98225,0.91625,0.519125,0,0.443375,0.94625,0.934875,0.622625,0.834,0.467,0.98625,0.92525,0.05875,0.946125,0.76325,0.73525,0.188,0.99875,0.962375,0.2615,0.04425,0.383125,0.989375,0.938875,0.930625,0.99125,0.964125,0.84325,0.975125,0.998875,0.951,0.98375,0.822125,0.94675,0.099125,0.99175,0.915625,0.98275,0.976,0.966,0.9935,0.9945,0.983375,0.990375,0.978875,0.597875,0.9015,0.9905,0.91675,0.92925,0.99475,0.84525,0.698375,0.61175,0.8255,0.052625,0.921875,0.586625,0.535875,0.89775,0.836,0.787125,0.35225,0.588125,0.943375,0.569625,0.89275,0.24975,0.663375,0.95425,0.74275,0.711,0.697625,0.911625,0.365,0.316125,0.81425,0.63475,0.721,0.14675,0.48025,0.724,0.391,0.127375,0.445,0.8775,0.527125,0.77425,0.915,0.989625,0.869375,0.212125,0.214125,0.175125,0.79475
"G_7",0.90825,0.854625,0.997625,0.967875,0.590125,0.556625,0,0.98975,0.978625,0.697875,0.892875,0.547375,0.998125,0.969125,0.06125,0.98675,0.849625,0.851625,0.208,1,0.989875,0.284875,0.05325,0.422125,0.998875,0.975125,0.979875,0.99925,0.99275,0.91,0.994125,0.999875,0.986125,0.996625,0.906875,0.97475,0.116875,0.998125,0.9635,0.9965,0.995625,0.989125,0.998875,0.99975,0.9965,0.999,0.997625,0.686125,0.957125,0.99775,0.968375,0.97275,0.998625,0.93275,0.8215,0.729,0.89325,0.06625,0.965625,0.657875,0.63125,0.948,0.921625,0.902375,0.39325,0.675625,0.988875,0.691375,0.963625,0.27875,0.75525,0.989125,0.81325,0.835125,0.773,0.956,0.41075,0.345375,0.886,0.71075,0.815375,0.15625,0.55,0.82375,0.438875,0.1375,0.49475,0.93825,0.5875,0.841875,0.956125,0.997,0.934375,0.22175,0.22625,0.189375,0.9105
"G_8",0.313375,0.187375,0.848125,0.3825,0.0265,0.05375,0.01025,0,0.586,0.078,0.422375,0.014,0.89925,0.612,0,0.562875,0.174375,0.065125,0.0095,0.9875,0.759125,0.014375,0.0015,0.027125,0.891125,0.521,0.484375,0.905375,0.65625,0.299,0.8125,0.983,0.7595,0.885,0.233625,0.72675,0.003625,0.95025,0.46975,0.839375,0.762625,0.786625,0.929375,0.952375,0.8805,0.92275,0.81475,0.058375,0.486125,0.949375,0.39125,0.3895,0.96275,0.214125,0.056875,0.03625,0.264,0.001375,0.579375,0.088125,0.012625,0.469875,0.26875,0.11225,0.0155,0.0495,0.452875,0.011375,0.2365,0.014125,0.0835,0.68675,0.20725,0.04325,0.118,0.55025,0.02625,0.019625,0.25425,0.0855,0.11425,0.005125,0.047625,0.1175,0.014375,0.00325,0.045125,0.457375,0.06575,0.231,0.56625,0.937125,0.401,0.0085,0.009875,0.0095,0.077875
"G_9",0.27725,0.186375,0.776625,0.33575,0.04225,0.065125,0.021375,0.414,0,0.094,0.39,0.023625,0.8405,0.543,0.001125,0.4775,0.169,0.088625,0.014625,0.984125,0.704625,0.02075,0.00275,0.036875,0.806,0.449125,0.411625,0.824125,0.54625,0.269625,0.719875,0.969,0.715375,0.856375,0.204875,0.68825,0.00625,0.941,0.4105,0.759875,0.640875,0.724625,0.861625,0.924125,0.83075,0.86625,0.698375,0.066,0.424,0.9385,0.34025,0.3435,0.955,0.224625,0.08,0.05575,0.24175,0.002125,0.532,0.092625,0.028125,0.40275,0.249,0.137,0.02425,0.0685,0.39325,0.023,0.2405,0.0195,0.094625,0.6065,0.19425,0.068625,0.123375,0.4965,0.033625,0.02525,0.226875,0.092375,0.117375,0.009,0.057,0.122,0.0215,0.007125,0.052,0.409375,0.072375,0.2145,0.515375,0.929,0.362,0.0125,0.01375,0.01275,0.104625
"G_10",0.78075,0.685375,0.96975,0.871,0.3645,0.377375,0.302125,0.922,0.906,0,0.779875,0.325875,0.97825,0.894,0.03325,0.92075,0.669,0.611625,0.130625,0.997625,0.945125,0.179125,0.031625,0.2665,0.9815,0.9085,0.897875,0.984375,0.9435,0.78075,0.965875,0.996125,0.935375,0.9735,0.74775,0.928375,0.06,0.988875,0.872625,0.971,0.96125,0.95225,0.988125,0.991375,0.977125,0.983375,0.96975,0.473375,0.859375,0.9875,0.86475,0.885125,0.989375,0.751,0.57375,0.467875,0.744125,0.0345,0.893875,0.479625,0.37975,0.858125,0.77075,0.665375,0.237625,0.45425,0.918,0.41725,0.837,0.17275,0.54425,0.936625,0.654,0.58475,0.584375,0.87725,0.264875,0.21525,0.730625,0.512,0.62175,0.0955,0.372375,0.6295,0.270125,0.08075,0.3365,0.83425,0.41075,0.68125,0.87,0.98725,0.816375,0.1315,0.139375,0.121625,0.6985
"G_11",0.442875,0.34025,0.76775,0.50325,0.1505,0.166,0.107125,0.577625,0.61,0.220125,0,0.11775,0.8145,0.62675,0.0115,0.597375,0.33575,0.259625,0.05475,0.960375,0.72375,0.078,0.013,0.109375,0.78925,0.58175,0.56275,0.803875,0.64625,0.4325,0.758,0.92575,0.733375,0.837625,0.3905,0.72125,0.027875,0.90525,0.54325,0.776375,0.700375,0.749875,0.8355,0.88475,0.813,0.834375,0.723625,0.20075,0.556625,0.928375,0.507,0.517,0.936,0.383125,0.23175,0.192625,0.4055,0.014875,0.619125,0.2195,0.1395,0.538375,0.4195,0.30175,0.103375,0.194375,0.562375,0.15025,0.44075,0.07325,0.23625,0.667875,0.345875,0.235125,0.266125,0.592,0.11,0.091375,0.394875,0.231375,0.2845,0.042875,0.15975,0.296625,0.1025,0.034375,0.14775,0.534375,0.177375,0.362125,0.604875,0.9185,0.5005,0.053625,0.05875,0.0485,0.30125
"G_12",0.900875,0.84075,0.99725,0.962875,0.54975,0.533,0.452625,0.986,0.976375,0.674125,0.88225,0,0.997625,0.968375,0.04775,0.980375,0.826875,0.825875,0.195,0.999875,0.987625,0.264375,0.050375,0.394,0.9995,0.9745,0.975625,0.999,0.991875,0.90525,0.995375,0.99975,0.982875,0.996125,0.892875,0.97625,0.101875,0.998125,0.959875,0.9965,0.99525,0.988125,0.999,0.999125,0.996125,0.999125,0.997125,0.6575,0.95175,0.9975,0.96525,0.97275,0.997875,0.9185,0.789625,0.689375,0.881625,0.05825,0.957375,0.630375,0.585375,0.946125,0.9085,0.8785,0.367125,0.64575,0.984375,0.645875,0.954625,0.261,0.736,0.98725,0.80075,0.8085,0.755625,0.949125,0.387125,0.315,0.869375,0.6905,0.798375,0.148875,0.5175,0.80175,0.405,0.130875,0.473375,0.92875,0.556125,0.822125,0.954625,0.9965,0.92775,0.200875,0.20875,0.179625,0.895625
"G_13",0.08425,0.05525,0.369375,0.08425,0.003625,0.01375,0.001875,0.10075,0.1595,0.02175,0.1855,0.002375,0,0.212375,0,0.122125,0.04875,0.014125,0.00175,0.93025,0.34,0.003,0.000625,0.006,0.388625,0.153125,0.111625,0.419875,0.137875,0.073,0.369875,0.861625,0.411,0.617375,0.0375,0.416875,0.000375,0.8,0.119625,0.432625,0.2475,0.419375,0.541875,0.702125,0.531375,0.53975,0.2455,0.014,0.136875,0.849875,0.07675,0.093,0.875375,0.070375,0.012,0.0055,0.06775,0.000375,0.25175,0.02,0.001625,0.133625,0.060625,0.02325,0.002125,0.010875,0.11,0.001125,0.053,0.003125,0.020625,0.255125,0.057625,0.0075,0.028,0.23475,0.007125,0.003375,0.071,0.022125,0.019125,0.001125,0.01075,0.024625,0.00275,0.001125,0.009875,0.168125,0.017,0.06175,0.241375,0.81975,0.125,0.001125,0.002,0.00175,0.012625
"G_14",0.273125,0.185875,0.710125,0.317625,0.052125,0.07475,0.030875,0.388,0.457,0.106,0.37325,0.031625,0.787625,0,0.0015,0.43575,0.175375,0.09675,0.019875,0.960125,0.645625,0.028875,0.0035,0.046125,0.73475,0.415,0.3865,0.750875,0.493625,0.256375,0.66625,0.940625,0.67375,0.812,0.205,0.654125,0.008875,0.9015,0.38275,0.70225,0.58575,0.68075,0.811875,0.88275,0.781375,0.814,0.635,0.075625,0.39825,0.917125,0.3265,0.32625,0.93175,0.22875,0.087,0.0755,0.235375,0.00425,0.49825,0.099,0.04125,0.38,0.233875,0.144875,0.03475,0.07975,0.3765,0.03775,0.235625,0.026375,0.100375,0.567875,0.197,0.0795,0.128,0.466125,0.043,0.036625,0.226,0.10675,0.128125,0.0135,0.063625,0.136625,0.02925,0.009875,0.060875,0.392625,0.074,0.206875,0.48475,0.906625,0.342625,0.01775,0.01925,0.018125,0.11925
"G_15",0.989625,0.98575,1,0.998625,0.983625,0.94125,0.93875,1,0.998875,0.96675,0.9885,0.95225,1,0.9985,0,0.9995,0.981625,0.989125,0.705875,1,0.999375,0.863375,0.250375,0.92875,1,0.99875,0.999375,1,0.999875,0.98925,1,1,0.99825,0.999875,0.991625,0.998625,0.47075,0.999875,0.998375,0.999875,0.99975,0.99975,1,1,0.99975,1,1,0.962,0.996875,1,0.998875,0.99975,1,0.99825,0.98725,0.9865,0.9885,0.30175,0.996,0.949,0.97,0.99625,0.9925,0.996875,0.910375,0.97775,0.99975,0.9775,0.99875,0.801625,0.964875,0.999375,0.978625,0.989125,0.968625,0.996625,0.851,0.841125,0.986875,0.960125,0.98175,0.56675,0.910375,0.984625,0.90025,0.560625,0.885375,0.992875,0.921625,0.980125,0.995375,0.999875,0.991625,0.732875,0.73825,0.62675,0.996125
"G_16",0.281125,0.1785,0.82025,0.33775,0.028625,0.053875,0.01325,0.437125,0.5225,0.07925,0.402625,0.019625,0.877875,0.56425,5e-04,0,0.166125,0.069625,0.010375,0.98625,0.727625,0.018,0.000875,0.031375,0.85275,0.468375,0.418125,0.864125,0.577875,0.27,0.768375,0.97675,0.73225,0.8695,0.20725,0.706125,0.005375,0.940875,0.423625,0.798125,0.694,0.749625,0.909625,0.9435,0.8625,0.89825,0.754125,0.05925,0.444125,0.9425,0.3435,0.33575,0.962375,0.210375,0.059125,0.046,0.238625,0.00125,0.5415,0.081625,0.017375,0.4185,0.24,0.114625,0.016375,0.052375,0.4,0.014125,0.223125,0.016125,0.076125,0.638875,0.1905,0.049875,0.109875,0.504125,0.02875,0.019,0.229,0.0835,0.1025,0.006375,0.04875,0.11275,0.017125,0.004,0.04525,0.41875,0.058,0.21075,0.52675,0.934125,0.37375,0.009125,0.010625,0.0085,0.084375
"G_17",0.64925,0.51375,0.93275,0.752375,0.207625,0.23675,0.150375,0.825625,0.831,0.331,0.66425,0.173125,0.95125,0.824625,0.018375,0.833875,0,0.411625,0.07275,0.990875,0.897875,0.104375,0.015125,0.153875,0.949875,0.812,0.80075,0.956625,0.87325,0.646125,0.925875,0.988125,0.88475,0.947875,0.60325,0.868625,0.032125,0.97375,0.77025,0.939875,0.9055,0.905625,0.965125,0.975125,0.945375,0.965625,0.91925,0.295625,0.76675,0.97075,0.751625,0.765125,0.977125,0.567,0.35975,0.278375,0.603625,0.020125,0.79875,0.325375,0.206875,0.75425,0.6315,0.4545,0.13375,0.2825,0.81875,0.224625,0.67875,0.101625,0.370125,0.872875,0.496875,0.381375,0.411625,0.785375,0.157875,0.119125,0.581625,0.349625,0.437375,0.05125,0.235,0.4545,0.156,0.0395,0.20525,0.727875,0.269375,0.53725,0.784875,0.970875,0.70275,0.07075,0.073625,0.06725,0.484625
"G_18",0.74525,0.599375,0.97975,0.864875,0.23425,0.26475,0.148375,0.934875,0.911375,0.388375,0.740375,0.174125,0.985875,0.90325,0.010875,0.930375,0.588375,0,0.083875,0.9985,0.95325,0.112125,0.015375,0.169375,0.9885,0.910875,0.909625,0.991375,0.956125,0.745875,0.973375,0.998625,0.94225,0.97975,0.7235,0.93075,0.04,0.99325,0.868,0.97875,0.974875,0.95675,0.992375,0.994375,0.98175,0.991375,0.98075,0.346125,0.861375,0.9915,0.864375,0.886,0.992875,0.664625,0.430125,0.306625,0.698375,0.021375,0.875625,0.37875,0.22025,0.85275,0.7385,0.544875,0.154625,0.315125,0.926125,0.246375,0.812625,0.11425,0.433875,0.939,0.579125,0.455625,0.491375,0.858125,0.185,0.14125,0.67275,0.407875,0.527,0.05475,0.27325,0.537,0.163,0.04675,0.241125,0.80825,0.307,0.612,0.864875,0.990125,0.790625,0.07775,0.08975,0.0725,0.607625
"G_19",0.945375,0.935125,0.99825,0.98,0.861625,0.812,0.792,0.9905,0.985375,0.869375,0.94525,0.805,0.99825,0.980125,0.294125,0.989625,0.92725,0.916125,0,0.99975,0.993,0.637625,0.151125,0.756625,0.99875,0.985875,0.986125,0.999,0.994375,0.946625,0.996625,0.99975,0.98775,0.996125,0.94225,0.98525,0.30775,0.99875,0.974875,0.99725,0.996875,0.992625,0.999,0.9995,0.997125,0.998625,0.99725,0.8565,0.969375,0.997875,0.97975,0.985375,0.999375,0.966625,0.90775,0.89925,0.943,0.181875,0.980625,0.838625,0.843625,0.969875,0.95175,0.960375,0.730875,0.88025,0.9905,0.865875,0.976125,0.59825,0.872625,0.990625,0.907875,0.90775,0.89325,0.9785,0.681,0.661,0.938,0.866625,0.904625,0.3885,0.772875,0.913125,0.730875,0.372625,0.7455,0.96025,0.790125,0.919125,0.975625,0.99775,0.961125,0.530875,0.53575,0.4465,0.951
"G_20",0.010875,0.008375,0.045125,0.009875,5e-04,0.00125,0,0.0125,0.015875,0.002375,0.039625,0.000125,0.06975,0.039875,0,0.01375,0.009125,0.0015,0.00025,0,0.055375,0.000375,0,0.001,0.051125,0.027625,0.014125,0.0705,0.014625,0.010625,0.093875,0.2695,0.086,0.157,0.00375,0.107,0,0.301125,0.01225,0.103625,0.036625,0.0945,0.11975,0.163625,0.11075,0.101875,0.026125,0.000875,0.022125,0.509875,0.0065,0.010875,0.51675,0.008125,0.001,0.000875,0.010125,0,0.0505,0.00325,0.000125,0.022125,0.00775,0.0015,5e-04,0.00075,0.009625,0,0.005875,0.000375,0.0025,0.044,0.009125,0.001,0.004,0.0515,0.00025,0.000875,0.012,0.002125,0.00225,0.000125,0.00175,0.001875,5e-04,0,0.002375,0.03225,0.00175,0.00975,0.05725,0.45525,0.022,0.000375,0.000375,0,0.001125
"G_21",0.156375,0.107625,0.55625,0.18375,0.020875,0.037625,0.010125,0.240875,0.295375,0.054875,0.27625,0.012375,0.66,0.354375,0.000625,0.272375,0.102125,0.04675,0.007,0.944625,0,0.01375,0.00125,0.019625,0.5785,0.278125,0.241625,0.6075,0.310125,0.149875,0.5175,0.89875,0.541625,0.723,0.099,0.5335,0.0045,0.859375,0.243125,0.577125,0.425375,0.546875,0.687875,0.803625,0.66025,0.689875,0.455125,0.0385,0.259,0.888625,0.185625,0.20025,0.905625,0.14325,0.045875,0.0325,0.13925,0.0015,0.378125,0.05525,0.013,0.242,0.142375,0.077375,0.014,0.038625,0.229,0.013125,0.127875,0.0125,0.0525,0.41275,0.126875,0.037,0.064,0.336125,0.0175,0.016875,0.136125,0.05275,0.065875,0.005875,0.030875,0.063875,0.011,0.00375,0.028,0.272,0.037625,0.125625,0.35875,0.872625,0.225875,0.006625,0.008125,0.007375,0.05375
"G_22",0.930125,0.90225,0.9945,0.971875,0.8025,0.7385,0.715125,0.985625,0.97925,0.820875,0.922,0.735625,0.997,0.971125,0.136625,0.982,0.895625,0.887875,0.362375,0.999625,0.98625,0,0.085875,0.666625,0.997375,0.97575,0.978375,0.998125,0.99025,0.925875,0.993875,0.9995,0.9835,0.99375,0.921125,0.97675,0.192625,0.998,0.96575,0.99475,0.993875,0.9885,0.9975,0.998375,0.993375,0.997375,0.994625,0.806375,0.959875,0.997125,0.96925,0.975375,0.9975,0.95175,0.88225,0.860625,0.914625,0.108625,0.9695,0.776625,0.78525,0.953375,0.927625,0.939125,0.618625,0.82025,0.984625,0.80975,0.960875,0.464125,0.83,0.98625,0.881625,0.875,0.853625,0.963875,0.584,0.540875,0.916125,0.82075,0.871375,0.273625,0.702875,0.88075,0.636,0.25,0.65175,0.948375,0.7225,0.88925,0.9635,0.996375,0.9365,0.3965,0.410625,0.322625,0.923125
"G_23",0.987125,0.986875,1,0.9965,0.975375,0.95575,0.94675,0.9985,0.99725,0.968375,0.987,0.949625,0.999375,0.9965,0.749625,0.999125,0.984875,0.984625,0.848875,1,0.99875,0.914125,0,0.947625,1,0.996375,0.998625,0.999875,0.999375,0.990125,0.999625,1,0.99825,0.99975,0.989,0.99725,0.706875,1,0.996125,0.99925,0.999625,0.999625,1,0.999875,0.9995,0.999875,0.99975,0.963375,0.99425,0.999625,0.996875,0.998,0.999875,0.9965,0.98375,0.98275,0.98775,0.537125,0.9955,0.96075,0.9665,0.995125,0.989875,0.994125,0.93375,0.9715,0.999375,0.973125,0.99575,0.88425,0.967875,0.999,0.97925,0.9815,0.974875,0.99475,0.90425,0.907875,0.98625,0.968125,0.9795,0.744375,0.934875,0.983,0.92275,0.754,0.923375,0.991875,0.9415,0.98025,0.9955,0.99975,0.991625,0.8445,0.844875,0.779875,0.9925
"G_24",0.88875,0.851875,0.992,0.944375,0.65825,0.616875,0.577875,0.972875,0.963125,0.7335,0.890625,0.606,0.994,0.953875,0.07125,0.968625,0.846125,0.830625,0.243375,0.999,0.980375,0.333375,0.052375,0,0.9935,0.96,0.963875,0.995875,0.981375,0.895375,0.98675,0.999125,0.97275,0.99025,0.879625,0.96825,0.130375,0.996125,0.947625,0.99125,0.986,0.97925,0.996375,0.997125,0.990375,0.995375,0.991125,0.71475,0.933125,0.99475,0.945375,0.9595,0.99625,0.927,0.813,0.766375,0.8755,0.071125,0.952625,0.680375,0.676375,0.932875,0.8935,0.8915,0.467,0.7095,0.971,0.717,0.935125,0.330375,0.757625,0.976,0.816625,0.811375,0.787625,0.945375,0.45925,0.40125,0.87525,0.733,0.80425,0.18275,0.58375,0.817875,0.507,0.16275,0.536875,0.923125,0.623625,0.83775,0.944625,0.993375,0.908375,0.27275,0.27625,0.225875,0.880875
"G_25",0.08975,0.055125,0.4665,0.084875,0.0045,0.010625,0.001125,0.108875,0.194,0.0185,0.21075,5e-04,0.611375,0.26525,0,0.14725,0.050125,0.0115,0.00125,0.948875,0.4215,0.002625,0,0.0065,0,0.171375,0.117,0.53975,0.166375,0.085125,0.44475,0.904125,0.4805,0.68525,0.04475,0.472625,0.000375,0.838,0.141375,0.509625,0.288375,0.4885,0.664875,0.7965,0.62375,0.66725,0.320625,0.011625,0.170625,0.864625,0.0855,0.0905,0.8835,0.070625,0.01025,0.004,0.077625,0,0.3005,0.02125,0.001375,0.156,0.065875,0.02,0.003,0.0085,0.10975,0.001375,0.049625,0.003,0.017375,0.314125,0.06075,0.007125,0.02825,0.2655,0.005,0.00425,0.072,0.019625,0.020125,0.000875,0.010625,0.02675,0.001625,0.00075,0.010625,0.199875,0.014375,0.065875,0.28675,0.843,0.147,0.001625,0.0015,0.001,0.007875
"G_26",0.32175,0.200875,0.798625,0.3875,0.039,0.061125,0.024875,0.479,0.550875,0.0915,0.41825,0.0255,0.846875,0.585,0.00125,0.531625,0.188,0.089125,0.014125,0.972375,0.721875,0.02425,0.003625,0.04,0.828625,0,0.459875,0.85325,0.602875,0.305875,0.7695,0.961375,0.722625,0.848875,0.241875,0.698,0.007,0.929625,0.459,0.79075,0.709375,0.7475,0.894625,0.9235,0.848875,0.877,0.74,0.072625,0.47875,0.933375,0.389,0.383625,0.943,0.225,0.076625,0.059625,0.2755,0.00375,0.5635,0.099,0.0295,0.454375,0.2835,0.13075,0.026375,0.066875,0.4375,0.02875,0.260125,0.021125,0.09525,0.64925,0.22025,0.06875,0.13225,0.52675,0.036375,0.03,0.25675,0.107125,0.142875,0.01075,0.063,0.14275,0.024625,0.00775,0.05975,0.446875,0.077125,0.23375,0.534375,0.92275,0.397625,0.014,0.017625,0.014875,0.10975
"G_27",0.336625,0.211625,0.837875,0.408375,0.038125,0.069375,0.020125,0.515625,0.588375,0.102125,0.43725,0.024375,0.888375,0.6135,0.000625,0.581875,0.19925,0.090375,0.013875,0.985875,0.758375,0.021625,0.001375,0.036125,0.883,0.540125,0,0.896125,0.6525,0.318625,0.806625,0.9805,0.76325,0.8805,0.2545,0.73425,0.00575,0.946875,0.488125,0.832875,0.7485,0.787,0.921875,0.948625,0.8755,0.91525,0.801125,0.075,0.500625,0.94975,0.42075,0.40275,0.958125,0.24325,0.08025,0.05725,0.2855,0.002625,0.58675,0.109875,0.028,0.477,0.28725,0.14125,0.026375,0.0735,0.47125,0.024125,0.2785,0.02225,0.09675,0.687375,0.22775,0.069625,0.139,0.55325,0.036625,0.029125,0.274125,0.107125,0.1385,0.008625,0.062875,0.14875,0.02275,0.005375,0.0585,0.470875,0.076625,0.251375,0.568125,0.938625,0.420875,0.01425,0.0155,0.01175,0.116
"G_28",0.078375,0.04775,0.43875,0.069875,0.003,0.00875,0.00075,0.094625,0.175875,0.015625,0.196125,0.001,0.580125,0.249125,0,0.135875,0.043375,0.008625,0.001,0.9295,0.3925,0.001875,0.000125,0.004125,0.46025,0.14675,0.103875,0,0.138375,0.0725,0.4205,0.882625,0.461375,0.66025,0.0365,0.447,5e-04,0.815875,0.13075,0.480125,0.2635,0.467375,0.633375,0.7625,0.598125,0.636,0.291375,0.009125,0.16125,0.851125,0.074875,0.07525,0.867625,0.06225,0.008,0.003875,0.068625,0.000125,0.27875,0.0165,0.000875,0.143,0.059625,0.015125,0.00125,0.007,0.09975,0.000375,0.040625,0.00175,0.014,0.28575,0.0605,0.004,0.024125,0.249875,0.00375,0.002625,0.067125,0.019375,0.019,0.000375,0.01075,0.02025,0.001875,0.00025,0.007375,0.187,0.01375,0.060375,0.272,0.8235,0.138,0.001125,0.001375,0.0015,0.008625
"G_29",0.23025,0.137375,0.785625,0.266625,0.0145,0.035875,0.00725,0.34375,0.45375,0.0565,0.35375,0.008125,0.862125,0.506375,0.000125,0.422125,0.12675,0.043875,0.005625,0.985375,0.689875,0.00975,0.000625,0.018625,0.833625,0.397125,0.3475,0.861625,0,0.217875,0.730875,0.973125,0.700875,0.8575,0.15425,0.67525,0.00175,0.93575,0.36675,0.769,0.639375,0.720375,0.895875,0.944875,0.83975,0.891875,0.71075,0.039625,0.387625,0.939875,0.27425,0.262125,0.951625,0.174375,0.038875,0.023875,0.197375,0.00075,0.5005,0.0645,0.0085,0.36,0.193125,0.08225,0.0095,0.036375,0.32375,0.006375,0.158625,0.008375,0.053625,0.59,0.154375,0.0295,0.082625,0.467375,0.017125,0.011625,0.18625,0.059125,0.07625,0.003625,0.034125,0.08175,0.010875,0.003375,0.032,0.371125,0.0465,0.16775,0.477125,0.929,0.315,0.005625,0.005625,0.00725,0.05
"G_30",0.505875,0.373875,0.899,0.6035,0.142875,0.15675,0.09,0.701,0.730375,0.21925,0.5675,0.09475,0.927,0.743625,0.01075,0.73,0.353875,0.254125,0.053375,0.989375,0.850125,0.074125,0.009875,0.104625,0.914875,0.694125,0.681375,0.9275,0.782125,0,0.86775,0.98275,0.835625,0.922875,0.451,0.807625,0.02775,0.963,0.656375,0.887875,0.845,0.857625,0.944625,0.96225,0.9165,0.940875,0.87275,0.191875,0.665125,0.9645,0.620875,0.622125,0.975,0.4105,0.21625,0.179375,0.45725,0.015625,0.71125,0.224875,0.122,0.636375,0.486875,0.30225,0.091625,0.182,0.66975,0.120375,0.50575,0.072,0.23025,0.7975,0.373125,0.2225,0.289,0.68675,0.107375,0.09175,0.449625,0.235125,0.299875,0.03975,0.153125,0.306625,0.0955,0.03375,0.141125,0.61625,0.180125,0.401125,0.7015,0.961,0.58325,0.051375,0.05275,0.048375,0.306625
"G_31",0.14475,0.081875,0.527125,0.152125,0.010875,0.024875,0.005875,0.1875,0.280125,0.034125,0.242,0.004625,0.630125,0.33375,0,0.231625,0.074125,0.026625,0.003375,0.906125,0.4825,0.006125,0.000375,0.01325,0.55525,0.2305,0.193375,0.5795,0.269125,0.13225,0,0.863125,0.52775,0.685,0.08875,0.516125,0.001125,0.81825,0.208125,0.549875,0.38275,0.53025,0.67825,0.765875,0.638375,0.668875,0.427875,0.023125,0.2365,0.853625,0.152625,0.1505,0.86375,0.09475,0.02275,0.01725,0.118625,0.001125,0.349,0.037625,0.005625,0.217875,0.11,0.04425,0.00775,0.023125,0.168125,0.0045,0.084875,0.00775,0.035375,0.380625,0.094875,0.019625,0.049,0.316875,0.0115,0.00825,0.109125,0.038125,0.043625,0.002125,0.022875,0.052875,0.0065,0.002625,0.020125,0.24775,0.03,0.101125,0.33575,0.832125,0.201875,0.002875,0.0055,0.0045,0.031125
"G_32",0.018125,0.013,0.08675,0.013,0.000125,0.001125,0.000125,0.017,0.031,0.003875,0.07425,0.00025,0.138375,0.059375,0,0.02325,0.011875,0.001375,0.00025,0.7305,0.10125,5e-04,0,0.000875,0.095875,0.038625,0.0195,0.117375,0.026875,0.01725,0.136875,0,0.165375,0.291875,0.005,0.191125,0,0.503875,0.0205,0.169375,0.06825,0.15825,0.213875,0.314625,0.19525,0.174,0.047125,0.0025,0.036375,0.667375,0.011875,0.017,0.694,0.017125,0.001625,0.000625,0.015,0.000125,0.094125,0.003125,0,0.03725,0.0125,0.0025,0.00025,0.00125,0.018375,0,0.00725,0.000375,0.002625,0.0715,0.01675,0.000375,0.005375,0.088875,0.000625,5e-04,0.01675,0.00375,0.0035,0,0.001625,0.00375,0.000125,0.000125,0.001625,0.05625,0.002125,0.015375,0.09275,0.617625,0.03325,0.000125,0.000375,0,0.0015
"G_33",0.165125,0.121625,0.50225,0.190875,0.03325,0.049,0.013875,0.2405,0.284625,0.064625,0.266625,0.017125,0.589,0.32625,0.00175,0.26775,0.11525,0.05775,0.01225,0.914,0.458375,0.0165,0.00175,0.02725,0.5195,0.277375,0.23675,0.538625,0.299125,0.164375,0.47225,0.834625,0,0.668625,0.118,0.49925,0.00525,0.803875,0.236125,0.523125,0.389125,0.50525,0.622625,0.73025,0.599875,0.620125,0.41675,0.049125,0.2505,0.855625,0.192625,0.20325,0.87725,0.15975,0.05375,0.044125,0.14675,0.00225,0.3565,0.06375,0.02225,0.241625,0.1435,0.09525,0.019875,0.04825,0.233125,0.0225,0.1475,0.016125,0.064125,0.382,0.122625,0.04775,0.081,0.328625,0.02475,0.018625,0.138,0.061875,0.071875,0.007125,0.039125,0.078,0.015875,0.0055,0.03775,0.266,0.048625,0.129875,0.34225,0.8345,0.210875,0.010625,0.011,0.00825,0.06975
"G_34",0.078125,0.061625,0.298125,0.08425,0.009,0.01625,0.003375,0.115,0.143625,0.0265,0.162375,0.003875,0.382625,0.188,0.000125,0.1305,0.052125,0.02025,0.003875,0.843,0.277,0.00625,0.00025,0.00975,0.31475,0.151125,0.1195,0.33975,0.1425,0.077125,0.315,0.708125,0.331375,0,0.044625,0.353875,0.001125,0.6905,0.11425,0.361375,0.213125,0.340125,0.433875,0.554,0.41575,0.41725,0.2205,0.01725,0.13,0.79175,0.080625,0.099875,0.813125,0.084125,0.016375,0.013625,0.069875,5e-04,0.22425,0.0255,0.00475,0.132875,0.065625,0.03575,0.006625,0.01625,0.1135,0.005,0.06325,0.00425,0.0235,0.21525,0.06225,0.013875,0.032375,0.2055,0.00725,0.00725,0.065625,0.024625,0.024625,0.00175,0.0135,0.0305,0.00425,0.00225,0.0125,0.141625,0.017375,0.06175,0.209875,0.751125,0.10775,0.003625,0.0045,0.003375,0.023375
"G_35",0.5545,0.4095,0.9465,0.676625,0.154875,0.177875,0.093125,0.766375,0.795125,0.25225,0.6095,0.107125,0.9625,0.795,0.008375,0.79275,0.39675,0.2765,0.05775,0.99625,0.901,0.078875,0.011,0.120375,0.95525,0.758125,0.7455,0.9635,0.84575,0.549,0.91125,0.995,0.882,0.955375,0,0.8615,0.02825,0.986,0.719625,0.923,0.892625,0.901,0.969875,0.986125,0.951125,0.9685,0.928375,0.208,0.707125,0.981875,0.68025,0.67125,0.9865,0.453625,0.25225,0.195625,0.50325,0.013125,0.7615,0.240125,0.122625,0.691,0.5295,0.353375,0.098125,0.211875,0.737625,0.1305,0.56575,0.07575,0.262875,0.844875,0.41625,0.2525,0.308875,0.729625,0.106875,0.092125,0.48125,0.24925,0.328625,0.03725,0.159,0.33325,0.0915,0.03225,0.14825,0.662125,0.192875,0.44425,0.743125,0.980125,0.628875,0.0465,0.05225,0.0485,0.351375
"G_36",0.184125,0.134375,0.5095,0.218,0.039875,0.05325,0.02525,0.27325,0.31175,0.071625,0.27875,0.02375,0.583125,0.345875,0.001375,0.293875,0.131375,0.06925,0.01475,0.893,0.4665,0.02325,0.00275,0.03175,0.527375,0.302,0.26575,0.553,0.32475,0.192375,0.483875,0.808875,0.50075,0.646125,0.1385,0,0.006375,0.7855,0.264125,0.538875,0.40525,0.510625,0.62,0.7095,0.59825,0.60825,0.4355,0.057,0.280375,0.850875,0.22,0.22875,0.8655,0.164625,0.067625,0.052375,0.16325,0.00425,0.368125,0.07675,0.024375,0.263625,0.170875,0.100125,0.02575,0.05675,0.264125,0.027125,0.16675,0.0225,0.06825,0.399125,0.1335,0.060625,0.092125,0.34425,0.026375,0.02475,0.16025,0.077375,0.086,0.010125,0.04375,0.08875,0.019625,0.00675,0.041375,0.276625,0.05625,0.143375,0.353875,0.830375,0.239375,0.012125,0.01375,0.012125,0.08875
"G_37",0.977125,0.96575,0.99925,0.992875,0.94,0.900875,0.883125,0.996375,0.99375,0.94,0.972125,0.898125,0.999625,0.991125,0.52925,0.994625,0.967875,0.96,0.69225,1,0.9955,0.807375,0.293125,0.869625,0.999625,0.993,0.99425,0.9995,0.99825,0.97225,0.998875,1,0.99475,0.998875,0.97175,0.993625,0,0.999125,0.99025,0.998875,0.9985,0.997375,0.999875,0.999625,0.999125,0.99975,0.9995,0.927875,0.98725,0.999375,0.99225,0.994875,0.999625,0.98575,0.955875,0.95275,0.969875,0.328625,0.991125,0.91475,0.919875,0.986,0.977,0.984625,0.85725,0.942,0.996875,0.93275,0.992375,0.764,0.935,0.996625,0.955625,0.956625,0.94325,0.986875,0.8135,0.80325,0.969875,0.928875,0.95425,0.572125,0.875,0.95825,0.846,0.567375,0.847125,0.982,0.88675,0.957875,0.989625,0.999125,0.982375,0.70475,0.715125,0.61875,0.977
"G_38",0.035875,0.0295,0.146625,0.03475,0.002375,0.00825,0.001875,0.04975,0.059,0.011125,0.09475,0.001875,0.2,0.0985,0.000125,0.059125,0.02625,0.00675,0.00125,0.698875,0.140625,0.002,0,0.003875,0.162,0.070375,0.053125,0.184125,0.06425,0.037,0.18175,0.496125,0.196125,0.3095,0.014,0.2145,0.000875,0,0.049125,0.2235,0.109375,0.20025,0.2675,0.357625,0.24475,0.23825,0.09975,0.006625,0.065,0.665125,0.03375,0.043875,0.684,0.03625,0.006875,0.00325,0.03025,0.00025,0.125875,0.009875,0.001375,0.06925,0.032125,0.012625,0.00175,0.00675,0.050875,0.000875,0.025375,0.00225,0.00925,0.112375,0.0275,0.00425,0.014875,0.113375,0.00175,0.002625,0.03375,0.00975,0.009625,0.000375,0.005875,0.010625,0.00125,0.000375,0.00725,0.081125,0.007625,0.027625,0.118875,0.61625,0.058375,0.001125,0.00125,0.002125,0.00825
"G_39",0.352625,0.245,0.82825,0.432625,0.06275,0.084375,0.0365,0.53025,0.5895,0.127375,0.45675,0.040125,0.880375,0.61725,0.001625,0.576375,0.22975,0.132,0.025125,0.98775,0.756875,0.03425,0.003875,0.052375,0.858625,0.541,0.511875,0.86925,0.63325,0.343625,0.791875,0.9795,0.763875,0.88575,0.280375,0.735875,0.00975,0.950875,0,0.815375,0.722625,0.777,0.899,0.944625,0.870625,0.899375,0.7715,0.102125,0.515,0.9485,0.43675,0.436,0.9595,0.283375,0.1125,0.08975,0.310375,0.003125,0.60275,0.12825,0.047625,0.483625,0.3225,0.181875,0.03825,0.09475,0.495625,0.041875,0.325875,0.031,0.13425,0.67625,0.25525,0.11,0.15925,0.56675,0.051125,0.03975,0.29525,0.128,0.170625,0.014,0.0785,0.17725,0.03825,0.0125,0.0725,0.481625,0.1005,0.2685,0.57675,0.943375,0.44225,0.022,0.02025,0.01925,0.156875
"G_40",0.12525,0.06775,0.470375,0.1305,0.00625,0.01725,0.0035,0.160625,0.240125,0.029,0.223625,0.0035,0.567375,0.29775,0.000125,0.201875,0.060125,0.02125,0.00275,0.896375,0.422875,0.00525,0.00075,0.00875,0.490375,0.20925,0.167125,0.519875,0.231,0.112125,0.450125,0.830625,0.476875,0.638625,0.077,0.461125,0.001125,0.7765,0.184625,0,0.342125,0.480875,0.617125,0.725375,0.58375,0.61175,0.362125,0.018875,0.211875,0.82925,0.12425,0.129625,0.838625,0.084,0.018,0.012125,0.098875,5e-04,0.31025,0.03175,0.004875,0.199,0.09725,0.033375,0.00375,0.016125,0.15125,0.005,0.077125,0.005625,0.028125,0.33975,0.081375,0.013875,0.040375,0.276,0.006875,0.006375,0.09875,0.031375,0.038,0.002,0.015125,0.04025,0.00525,0.001375,0.01425,0.221375,0.02225,0.0835,0.3035,0.800125,0.1745,0.003625,0.002875,0.003875,0.02225
"G_41",0.172875,0.097625,0.662625,0.185,0.012125,0.024,0.004375,0.237375,0.359125,0.03875,0.299625,0.00475,0.7525,0.41425,0.00025,0.306,0.0945,0.025125,0.003125,0.963375,0.574625,0.006125,0.000375,0.014,0.711625,0.290625,0.2515,0.7365,0.360625,0.155,0.61725,0.93175,0.610875,0.786875,0.107375,0.59475,0.0015,0.890625,0.277375,0.657875,0,0.628875,0.805375,0.871625,0.757,0.79775,0.564375,0.022625,0.302625,0.899375,0.189125,0.18725,0.912875,0.1235,0.024125,0.01625,0.145,0.00075,0.413125,0.03975,0.004625,0.271375,0.14025,0.05,0.006,0.024875,0.218125,0.00275,0.10525,0.006625,0.039125,0.47775,0.117125,0.016625,0.053625,0.380375,0.0105,0.00875,0.13725,0.042625,0.054625,0.0015,0.025375,0.057125,0.006125,0.002,0.0205,0.304375,0.030375,0.129,0.404625,0.88075,0.25125,0.00325,0.00525,0.004375,0.030125
"G_42",0.152125,0.098,0.48725,0.170125,0.020375,0.034,0.010875,0.213375,0.275375,0.04775,0.250125,0.011875,0.580625,0.31925,0.00025,0.250375,0.094375,0.04325,0.007375,0.9055,0.453125,0.0115,0.000375,0.02075,0.5115,0.2525,0.213,0.532625,0.279625,0.142375,0.46975,0.84175,0.49475,0.659875,0.099,0.489375,0.002625,0.79975,0.223,0.519125,0.371125,0,0.62375,0.73175,0.596,0.6195,0.399,0.032625,0.239875,0.850375,0.1695,0.175625,0.86775,0.1235,0.035875,0.0305,0.130125,0.000875,0.339,0.049375,0.013125,0.227375,0.123625,0.065375,0.010375,0.035,0.206875,0.011375,0.119625,0.00925,0.046375,0.3675,0.109,0.031875,0.0605,0.31225,0.0155,0.0125,0.133,0.043625,0.060625,0.004875,0.031375,0.068,0.0105,0.0045,0.027125,0.248625,0.035625,0.119875,0.328,0.82775,0.210875,0.008375,0.006625,0.008125,0.049375
"G_43",0.064125,0.039,0.329,0.055625,0.001875,0.0065,0.001125,0.070625,0.138375,0.011875,0.1645,0.001,0.458125,0.188125,0,0.090375,0.034875,0.007625,0.001,0.88025,0.312125,0.0025,0,0.003625,0.335125,0.105375,0.078125,0.366625,0.104125,0.055375,0.32175,0.786125,0.377375,0.566125,0.030125,0.38,0.000125,0.7325,0.101,0.382875,0.194625,0.37625,0,0.641375,0.479125,0.494625,0.2075,0.006875,0.1235,0.800125,0.057875,0.05925,0.822625,0.04625,0.007,0.002375,0.054,0.000125,0.228375,0.014375,0.001125,0.107,0.0465,0.012375,0.00225,0.006,0.070375,0.000875,0.03425,0.001625,0.01225,0.223,0.045375,0.0035,0.0185,0.201625,0.00425,0.003125,0.05675,0.014375,0.014875,0.00075,0.009,0.018,0.00175,0.000875,0.0075,0.145375,0.0095,0.04925,0.21975,0.768,0.10075,0.00075,0.000625,5e-04,0.007125
"G_44",0.03875,0.024625,0.192375,0.032125,0.000875,0.0055,0.00025,0.047625,0.075875,0.008625,0.11525,0.000875,0.297875,0.11725,0,0.0565,0.024875,0.005625,5e-04,0.836375,0.196375,0.001625,0.000125,0.002875,0.2035,0.0765,0.051375,0.2375,0.055125,0.03775,0.234125,0.685375,0.26975,0.446,0.013875,0.2905,0.000375,0.642375,0.055375,0.274625,0.128375,0.26825,0.358625,0,0.343375,0.339625,0.11025,0.005125,0.082875,0.755,0.031375,0.039625,0.77625,0.0345,0.005375,0.001875,0.03125,0.000125,0.163375,0.00975,0.0015,0.072625,0.030125,0.00525,0.000875,0.004,0.051125,0.00025,0.0225,0.001,0.00725,0.141125,0.03075,0.00175,0.0115,0.14425,0.002,0.001625,0.035125,0.009625,0.008625,0.000375,0.005875,0.0105,0.000625,0.00025,0.005125,0.099625,0.007375,0.028,0.1495,0.716375,0.0645,0.000625,0.001,0.001,0.00425
"G_45",0.091625,0.05675,0.358,0.086875,0.007375,0.016625,0.0035,0.1195,0.16925,0.022875,0.187,0.003875,0.468625,0.218625,0.00025,0.1375,0.054625,0.01825,0.002875,0.88925,0.33975,0.006625,5e-04,0.009625,0.37625,0.151125,0.1245,0.401875,0.16025,0.0835,0.361625,0.80475,0.400125,0.58425,0.048875,0.40175,0.000875,0.75525,0.129375,0.41625,0.243,0.404,0.520875,0.656625,0,0.50575,0.253375,0.016875,0.14825,0.817625,0.091125,0.102125,0.834375,0.0725,0.020625,0.00925,0.078375,0.000625,0.2585,0.026125,0.004875,0.135625,0.0725,0.029625,0.003625,0.014875,0.12,0.003375,0.062375,0.00325,0.0225,0.26025,0.06725,0.0145,0.031625,0.230125,0.008625,0.008,0.07525,0.025375,0.03075,0.00175,0.013,0.032,0.00425,0.002,0.015,0.175625,0.017625,0.067625,0.243375,0.7875,0.134125,0.002875,0.003875,0.003125,0.0205
"G_46",0.070375,0.04,0.331,0.06075,0.003,0.009625,0.001,0.07725,0.13375,0.016625,0.165625,0.000875,0.46025,0.186,0,0.10175,0.034375,0.008625,0.001375,0.898125,0.310125,0.002625,0.000125,0.004625,0.33275,0.123,0.08475,0.364,0.108125,0.059125,0.331125,0.826,0.379875,0.58275,0.0315,0.39175,0.00025,0.76175,0.100625,0.38825,0.20225,0.3805,0.505375,0.660375,0.49425,0,0.204125,0.00925,0.1275,0.817375,0.0625,0.063625,0.842375,0.053875,0.008625,0.004,0.055125,0.00025,0.23025,0.017375,0.001125,0.1105,0.04725,0.016375,0.002,0.00775,0.081,0.000875,0.03275,0.003125,0.015125,0.229125,0.049625,0.005375,0.0215,0.206625,0.0035,0.0035,0.0555,0.016375,0.019625,0.000625,0.01025,0.019125,0.002625,0.000625,0.0085,0.149875,0.01225,0.05025,0.22275,0.791625,0.112125,0.001375,0.001625,0.001625,0.007875
"G_47",0.13825,0.085625,0.628,0.14875,0.00575,0.021125,0.002375,0.18525,0.301625,0.03025,0.276375,0.002875,0.7545,0.365,0,0.245875,0.08075,0.01925,0.00275,0.973875,0.544875,0.005375,0.00025,0.008875,0.679375,0.26,0.198875,0.708625,0.28925,0.12725,0.572125,0.952875,0.58325,0.7795,0.071625,0.5645,5e-04,0.90025,0.2285,0.637875,0.435625,0.601,0.7925,0.88975,0.746625,0.795875,0,0.023625,0.25575,0.9065,0.136625,0.1545,0.925875,0.112875,0.02475,0.009125,0.1175,0.000375,0.385125,0.034875,0.002625,0.23075,0.112375,0.041375,0.004375,0.01975,0.18725,0.002625,0.09125,0.0045,0.02925,0.43425,0.10375,0.01325,0.046875,0.35175,0.010875,0.007,0.11325,0.037125,0.041625,0.001625,0.01875,0.043125,0.0045,0.000625,0.018625,0.274625,0.02625,0.106875,0.369625,0.897875,0.21275,0.002625,0.003125,0.003375,0.024
"G_48",0.8065,0.71175,0.982375,0.90125,0.395625,0.402125,0.313875,0.941625,0.934,0.526625,0.79925,0.3425,0.986,0.924375,0.038,0.94075,0.704375,0.653875,0.1435,0.999125,0.9615,0.193625,0.036625,0.28525,0.988375,0.927375,0.925,0.990875,0.960375,0.808125,0.976875,0.9975,0.950875,0.98275,0.792,0.943,0.072125,0.993375,0.897875,0.981125,0.977375,0.967375,0.993125,0.994875,0.983125,0.99075,0.976375,0,0.890625,0.991625,0.896875,0.912875,0.994,0.789375,0.60625,0.496625,0.779625,0.04175,0.908875,0.502125,0.407625,0.882,0.814875,0.7,0.26675,0.486,0.936375,0.451125,0.869625,0.19,0.581375,0.95325,0.677375,0.627625,0.618,0.8935,0.28575,0.229,0.768125,0.546375,0.6555,0.1045,0.3955,0.66475,0.292375,0.095,0.353125,0.85875,0.435125,0.71575,0.895375,0.987875,0.8365,0.1465,0.15275,0.1275,0.7315
"G_49",0.354125,0.247125,0.8005,0.423875,0.080875,0.0985,0.042875,0.513875,0.576,0.140625,0.443375,0.04825,0.863125,0.60175,0.003125,0.555875,0.23325,0.138625,0.030625,0.977875,0.741,0.040125,0.00575,0.066875,0.829375,0.52125,0.499375,0.83875,0.612375,0.334875,0.7635,0.963625,0.7495,0.87,0.292875,0.719625,0.01275,0.935,0.485,0.788125,0.697375,0.760125,0.8765,0.917125,0.85175,0.8725,0.74425,0.109375,0,0.944,0.42825,0.42875,0.951625,0.29325,0.127375,0.10325,0.317375,0.007,0.584125,0.144625,0.062,0.47425,0.317125,0.203875,0.052375,0.1085,0.483375,0.057875,0.33025,0.039875,0.1325,0.663625,0.2605,0.117,0.179,0.555625,0.059375,0.047625,0.296875,0.143375,0.18125,0.018,0.092,0.190125,0.047125,0.016625,0.07975,0.4725,0.109875,0.276625,0.56825,0.934375,0.425875,0.02675,0.0275,0.026,0.17275
"G_50",0.035875,0.02725,0.121875,0.043625,0.00375,0.0095,0.00225,0.050625,0.0615,0.0125,0.071625,0.0025,0.150125,0.082875,0,0.0575,0.02925,0.0085,0.002125,0.490125,0.111375,0.002875,0.000375,0.00525,0.135375,0.066625,0.05025,0.148875,0.060125,0.0355,0.146375,0.332625,0.144375,0.20825,0.018125,0.149125,0.000625,0.334875,0.0515,0.17075,0.100625,0.149625,0.199875,0.245,0.182375,0.182625,0.0935,0.008375,0.056,0,0.035125,0.044375,0.493,0.03725,0.00775,0.00675,0.034375,0.000375,0.101375,0.01325,0.003125,0.05775,0.030625,0.016,0.002625,0.0075,0.051125,0.002375,0.0295,0.002875,0.01175,0.09525,0.025,0.005625,0.0165,0.0955,0.0045,0.003,0.0325,0.01075,0.012625,0.00075,0.008375,0.014,0.002375,0.000625,0.006,0.05975,0.009,0.025875,0.095625,0.448,0.0505,0.003,0.002375,0.001375,0.011875
"G_51",0.39275,0.264,0.883875,0.487875,0.061625,0.08325,0.031625,0.60875,0.65975,0.13525,0.493,0.03475,0.92325,0.6735,0.001125,0.6565,0.248375,0.135625,0.02025,0.9935,0.814375,0.03075,0.003125,0.054625,0.9145,0.611,0.57925,0.925125,0.72575,0.379125,0.847375,0.988125,0.807375,0.919375,0.31975,0.78,0.00775,0.96625,0.56325,0.87575,0.810875,0.8305,0.942125,0.968625,0.908875,0.9375,0.863375,0.103125,0.57175,0.964875,0,0.4925,0.977125,0.30725,0.11725,0.087875,0.346125,0.00325,0.645125,0.14,0.03825,0.5485,0.3635,0.195375,0.037375,0.097375,0.573875,0.04125,0.36925,0.032,0.134625,0.751125,0.277375,0.107625,0.173375,0.609125,0.04575,0.0395,0.325375,0.135125,0.183625,0.011375,0.07875,0.1955,0.038625,0.010125,0.07375,0.529875,0.10375,0.306875,0.63,0.959,0.476625,0.016375,0.017875,0.01875,0.16175
"G_52",0.39075,0.251,0.87175,0.495375,0.048125,0.07075,0.02725,0.6105,0.6565,0.114875,0.483,0.02725,0.907,0.67375,0.00025,0.66425,0.234875,0.114,0.014625,0.989125,0.79975,0.024625,0.002,0.0405,0.9095,0.616375,0.59725,0.92475,0.737875,0.377875,0.8495,0.983,0.79675,0.900125,0.32875,0.77125,0.005125,0.956125,0.564,0.870375,0.81275,0.824375,0.94075,0.960375,0.897875,0.936375,0.8455,0.087125,0.57125,0.955625,0.5075,0,0.96475,0.281,0.097875,0.070125,0.3425,0.00225,0.64475,0.127875,0.025625,0.549625,0.35625,0.167375,0.029375,0.08175,0.575125,0.02975,0.34975,0.02475,0.120875,0.739625,0.269375,0.090375,0.168,0.613875,0.044375,0.029375,0.323375,0.127875,0.177875,0.008875,0.07275,0.183625,0.02775,0.008,0.06675,0.522375,0.09525,0.296875,0.62525,0.95075,0.481375,0.014125,0.016875,0.01425,0.14575
"G_53",0.02975,0.024375,0.101875,0.0325,0.0035,0.00525,0.001375,0.03725,0.045,0.010625,0.064,0.002125,0.124625,0.06825,0,0.037625,0.022875,0.007125,0.000625,0.48325,0.094375,0.0025,0.000125,0.00375,0.1165,0.057,0.041875,0.132375,0.048375,0.025,0.13625,0.306,0.12275,0.186875,0.0135,0.1345,0.000375,0.316,0.0405,0.161375,0.087125,0.13225,0.177375,0.22375,0.165625,0.157625,0.074125,0.006,0.048375,0.507,0.022875,0.03525,0,0.02825,0.005375,0.00425,0.026875,0.000125,0.087875,0.005875,0.001375,0.048875,0.023375,0.011625,0.001625,0.004875,0.04125,0.001625,0.02025,0.00175,0.008625,0.081,0.02025,0.004125,0.011875,0.087,0.00325,0.002,0.02475,0.00875,0.008625,0.00075,0.003125,0.01075,0.00225,0.000625,0.004125,0.056875,0.007,0.02025,0.084,0.44725,0.036875,0.00075,0.0015,0.001125,0.00475
"G_54",0.583125,0.448625,0.90575,0.695625,0.107375,0.15475,0.06725,0.785875,0.775375,0.249,0.616875,0.0815,0.929625,0.77125,0.00175,0.789625,0.433,0.335375,0.033375,0.991875,0.85675,0.04825,0.0035,0.073,0.929375,0.775,0.75675,0.93775,0.825625,0.5895,0.90525,0.982875,0.84025,0.915875,0.546375,0.835375,0.01425,0.96375,0.716625,0.916,0.8765,0.8765,0.95375,0.9655,0.9275,0.946125,0.887125,0.210625,0.70675,0.96275,0.69275,0.719,0.97175,0,0.266125,0.169125,0.55025,0.005375,0.7595,0.241375,0.118875,0.70725,0.58175,0.35875,0.073125,0.192375,0.7805,0.1285,0.6215,0.04375,0.29625,0.834125,0.433625,0.29625,0.338125,0.73825,0.103375,0.063875,0.52625,0.275,0.37325,0.023625,0.1645,0.378,0.080125,0.015375,0.150625,0.67375,0.202,0.47125,0.743875,0.955125,0.650875,0.033,0.0335,0.02925,0.411
"G_56",0.768875,0.653125,0.986,0.878125,0.25925,0.301625,0.1785,0.943125,0.92,0.42625,0.76825,0.210375,0.988,0.913,0.01275,0.940875,0.64025,0.569875,0.09225,0.999,0.954125,0.11775,0.01625,0.187,0.98975,0.923375,0.91975,0.992,0.961125,0.78375,0.97725,0.998375,0.94625,0.983625,0.74775,0.932375,0.044125,0.993125,0.8875,0.982,0.975875,0.964125,0.993,0.994625,0.979375,0.991375,0.97525,0.39375,0.872625,0.99225,0.88275,0.902125,0.994625,0.733875,0,0.364,0.730875,0.02225,0.89,0.40775,0.264875,0.864875,0.771,0.614625,0.169875,0.3645,0.935125,0.287125,0.851625,0.12525,0.49325,0.93925,0.61575,0.53575,0.534625,0.87525,0.204875,0.1555,0.71625,0.457875,0.575,0.0645,0.30175,0.5935,0.188,0.056,0.26975,0.82925,0.341375,0.651,0.88025,0.988875,0.815,0.0915,0.088125,0.0845,0.67175
"G_57",0.8175,0.732,0.990375,0.91625,0.365125,0.38825,0.271,0.96375,0.94425,0.532125,0.807375,0.310625,0.9945,0.9245,0.0135,0.954,0.721625,0.693375,0.10075,0.999125,0.9675,0.139375,0.01725,0.233625,0.996,0.940375,0.94275,0.996125,0.976125,0.820625,0.98275,0.999375,0.955875,0.986375,0.804375,0.947625,0.04725,0.99675,0.91025,0.987875,0.98375,0.9695,0.997625,0.998125,0.99075,0.996,0.990875,0.503375,0.89675,0.99325,0.912125,0.929875,0.99575,0.830875,0.636,0,0.794125,0.0245,0.92275,0.49575,0.395,0.89225,0.82075,0.76375,0.21325,0.47775,0.959,0.441375,0.89775,0.146,0.5885,0.9605,0.694125,0.65775,0.622,0.9085,0.25975,0.190875,0.785875,0.546,0.667,0.071625,0.379625,0.675625,0.256625,0.056125,0.339,0.87075,0.424625,0.725875,0.91125,0.992125,0.851875,0.10425,0.1105,0.095,0.77725
"G_58",0.548625,0.4095,0.908,0.647625,0.157125,0.1745,0.10675,0.736,0.75825,0.255875,0.5945,0.118375,0.93225,0.764625,0.0115,0.761375,0.396375,0.301625,0.057,0.989875,0.86075,0.085375,0.01225,0.1245,0.922375,0.7245,0.7145,0.931375,0.802625,0.54275,0.881375,0.985,0.85325,0.930125,0.49675,0.83675,0.030125,0.96975,0.689625,0.901125,0.855,0.869875,0.946,0.96875,0.921625,0.944875,0.8825,0.220375,0.682625,0.965625,0.653875,0.6575,0.973125,0.44975,0.269125,0.205875,0,0.015,0.74,0.245125,0.142125,0.672125,0.521375,0.34775,0.10175,0.208625,0.715875,0.147625,0.5535,0.079625,0.2755,0.823,0.40675,0.277625,0.31425,0.710125,0.1125,0.087125,0.475,0.256875,0.340625,0.041875,0.1715,0.344875,0.10325,0.03125,0.1595,0.644125,0.204625,0.43675,0.7195,0.961625,0.619,0.05275,0.056375,0.049875,0.36175
"G_59",0.988125,0.982625,0.99975,0.9975,0.97075,0.947375,0.93375,0.998625,0.997875,0.9655,0.985125,0.94175,0.999625,0.99575,0.69825,0.99875,0.979875,0.978625,0.818125,1,0.9985,0.891375,0.462875,0.928875,1,0.99625,0.997375,0.999875,0.99925,0.984375,0.998875,0.999875,0.99775,0.9995,0.986875,0.99575,0.671375,0.99975,0.996875,0.9995,0.99925,0.999125,0.999875,0.999875,0.999375,0.99975,0.999625,0.95825,0.993,0.999625,0.99675,0.99775,0.999875,0.994625,0.97775,0.9755,0.985,0,0.9955,0.95525,0.962,0.993875,0.9895,0.993375,0.923,0.970125,0.9985,0.967,0.99625,0.8625,0.96175,0.9985,0.97625,0.977625,0.9705,0.995125,0.88575,0.882875,0.982625,0.960875,0.976,0.70525,0.92375,0.97825,0.911375,0.713375,0.9085,0.991625,0.93025,0.97825,0.994125,0.999375,0.990625,0.8175,0.82,0.748,0.991
"G_60",0.294125,0.207625,0.680375,0.347875,0.057875,0.078125,0.034375,0.420625,0.468,0.106125,0.380875,0.042625,0.74825,0.50175,0.004,0.4585,0.20125,0.124375,0.019375,0.9495,0.621875,0.0305,0.0045,0.047375,0.6995,0.4365,0.41325,0.72125,0.4995,0.28875,0.651,0.905875,0.6435,0.77575,0.2385,0.631875,0.008875,0.874125,0.39725,0.68975,0.586875,0.661,0.771625,0.836625,0.7415,0.76975,0.614875,0.091125,0.415875,0.898625,0.354875,0.35525,0.912125,0.2405,0.11,0.07725,0.26,0.0045,0,0.1165,0.0445,0.399625,0.27275,0.156375,0.037,0.086625,0.3985,0.047625,0.273375,0.029,0.121625,0.553,0.21275,0.100125,0.14425,0.472375,0.043,0.03525,0.254875,0.1155,0.145875,0.012625,0.07275,0.15425,0.0365,0.012,0.067875,0.40125,0.088,0.229125,0.481875,0.8815,0.361875,0.01825,0.01925,0.01875,0.14675
"G_61",0.779125,0.689875,0.97125,0.8645,0.41625,0.413375,0.342125,0.911875,0.907375,0.520375,0.7805,0.369625,0.98,0.901,0.051,0.918375,0.674625,0.62125,0.161375,0.99675,0.94475,0.223375,0.03925,0.319625,0.97875,0.901,0.890125,0.9835,0.9355,0.775125,0.962375,0.996875,0.93625,0.9745,0.759875,0.92325,0.08525,0.990125,0.87175,0.96825,0.96025,0.950625,0.985625,0.99025,0.973875,0.982625,0.965125,0.497875,0.855375,0.98675,0.86,0.872125,0.994125,0.758625,0.59225,0.50425,0.754875,0.04475,0.8835,0,0.426875,0.855875,0.77025,0.67475,0.28475,0.48625,0.905875,0.451,0.825375,0.213,0.56175,0.930625,0.66225,0.5985,0.599375,0.875875,0.2995,0.25625,0.7335,0.536625,0.6315,0.118125,0.405625,0.640875,0.311875,0.1025,0.371875,0.83225,0.434875,0.695375,0.877,0.986,0.821125,0.169875,0.170625,0.141,0.6955
"G_62",0.880375,0.813375,0.996875,0.962,0.477625,0.464125,0.36875,0.987375,0.971875,0.62025,0.8605,0.414625,0.998375,0.95875,0.03,0.982625,0.793125,0.77975,0.156375,0.999875,0.987,0.21475,0.0335,0.323625,0.998625,0.9705,0.972,0.999125,0.9915,0.878,0.994375,1,0.97775,0.99525,0.877375,0.975625,0.080125,0.998625,0.952375,0.995125,0.995375,0.986875,0.998875,0.9985,0.995125,0.998875,0.997375,0.592375,0.938,0.996875,0.96175,0.974375,0.998625,0.881125,0.735125,0.605,0.857875,0.038,0.9555,0.573125,0,0.939625,0.88175,0.833125,0.30325,0.575,0.982,0.556625,0.946625,0.216625,0.675375,0.985,0.7585,0.755,0.71,0.947875,0.32625,0.265625,0.84925,0.628625,0.751125,0.113875,0.457,0.767625,0.343125,0.09375,0.413875,0.914875,0.502375,0.79525,0.941875,0.9965,0.909375,0.160125,0.16725,0.137625,0.8705
"G_63",0.377,0.260875,0.8145,0.44475,0.08825,0.10225,0.052,0.530125,0.59725,0.141875,0.461625,0.053875,0.866375,0.62,0.00375,0.5815,0.24575,0.14725,0.030125,0.977875,0.758,0.046625,0.004875,0.067125,0.844,0.545625,0.523,0.857,0.64,0.363625,0.782125,0.96275,0.758375,0.867125,0.309,0.736375,0.014,0.93075,0.516375,0.801,0.728625,0.772625,0.893,0.927375,0.864375,0.8895,0.76925,0.118,0.52575,0.94225,0.4515,0.450375,0.951125,0.29275,0.135125,0.10775,0.327875,0.006125,0.600375,0.144125,0.060375,0,0.339375,0.206375,0.052375,0.1135,0.501,0.06225,0.340375,0.04175,0.14475,0.682,0.27425,0.1335,0.18375,0.570375,0.057375,0.045125,0.318375,0.151375,0.192875,0.019625,0.0935,0.20225,0.04825,0.015625,0.087,0.495125,0.11775,0.284875,0.587375,0.9355,0.444375,0.029625,0.03075,0.0265,0.1865
"G_64",0.52175,0.384125,0.91025,0.635625,0.134875,0.164,0.078375,0.73125,0.751,0.22925,0.5805,0.0915,0.939375,0.766125,0.0075,0.76,0.3685,0.2615,0.04825,0.99225,0.857625,0.072375,0.010125,0.1065,0.934125,0.7165,0.71275,0.940375,0.806875,0.513125,0.89,0.9875,0.8565,0.934375,0.4705,0.829125,0.023,0.967875,0.6775,0.90275,0.85975,0.876375,0.9535,0.969875,0.9275,0.95275,0.887625,0.185125,0.682875,0.969375,0.6365,0.64375,0.976625,0.41825,0.229,0.17925,0.478625,0.0105,0.72725,0.22975,0.11825,0.660625,0,0.31925,0.09125,0.1795,0.707375,0.11875,0.53175,0.0705,0.241625,0.812375,0.383625,0.229875,0.293375,0.70475,0.102125,0.081625,0.45475,0.2415,0.305625,0.034875,0.15175,0.317375,0.08825,0.03025,0.133375,0.637375,0.18325,0.417125,0.71775,0.965,0.594375,0.051375,0.04925,0.04125,0.319
"G_65",0.68975,0.557375,0.968625,0.812,0.1555,0.212875,0.097625,0.88775,0.863,0.334625,0.69825,0.1215,0.97675,0.855125,0.003125,0.885375,0.5455,0.455125,0.039625,0.9985,0.922625,0.060875,0.005875,0.1085,0.98,0.86925,0.85875,0.984875,0.91775,0.69775,0.95575,0.9975,0.90475,0.96425,0.646625,0.899875,0.015375,0.987375,0.818125,0.966625,0.95,0.934625,0.987625,0.99475,0.970375,0.983625,0.958625,0.3,0.796125,0.984,0.804625,0.832625,0.988375,0.64125,0.385375,0.23625,0.65225,0.006625,0.843625,0.32525,0.166875,0.793625,0.68075,0,0.08975,0.260125,0.881375,0.178125,0.762375,0.064,0.387625,0.905375,0.525,0.4085,0.445125,0.823625,0.133375,0.090125,0.631625,0.36225,0.466125,0.031375,0.2255,0.48825,0.11875,0.020375,0.196625,0.766,0.26975,0.56725,0.823375,0.979625,0.744625,0.041625,0.049375,0.042625,0.55225
"G_66",0.909125,0.875625,0.9945,0.965,0.70025,0.64775,0.60675,0.9845,0.97575,0.762375,0.896625,0.632875,0.997875,0.96525,0.089625,0.983625,0.86625,0.845375,0.269125,0.9995,0.986,0.381375,0.06625,0.533,0.997,0.973625,0.973625,0.99875,0.9905,0.908375,0.99225,0.99975,0.980125,0.993375,0.901875,0.97425,0.14275,0.99825,0.96175,0.99625,0.994,0.989625,0.99775,0.999125,0.996375,0.998,0.995625,0.73325,0.947625,0.997375,0.962625,0.970625,0.998375,0.926875,0.830125,0.78675,0.89825,0.077,0.963,0.71525,0.69675,0.947625,0.90875,0.91025,0,0.745125,0.982125,0.738,0.956125,0.35925,0.781375,0.984875,0.835625,0.8405,0.800625,0.959625,0.48625,0.43625,0.893625,0.761625,0.82975,0.201375,0.61725,0.8405,0.529625,0.177,0.57125,0.936,0.641875,0.86,0.95925,0.997125,0.92775,0.301,0.3105,0.253375,0.908
"G_67",0.811875,0.732875,0.982875,0.902125,0.402,0.411875,0.324375,0.9505,0.9315,0.54575,0.805625,0.35425,0.989125,0.92025,0.02225,0.947625,0.7175,0.684875,0.11975,0.99925,0.961375,0.17975,0.0285,0.2905,0.9915,0.933125,0.9265,0.993,0.963625,0.818,0.976875,0.99875,0.95175,0.98375,0.788125,0.94325,0.058,0.99325,0.90525,0.983875,0.975125,0.965,0.994,0.996,0.985125,0.99225,0.98025,0.514,0.8915,0.9925,0.902625,0.91825,0.995125,0.807625,0.6355,0.52225,0.791375,0.029875,0.913375,0.51375,0.425,0.8865,0.8205,0.739875,0.254875,0,0.9445,0.462625,0.8775,0.177375,0.594875,0.95425,0.695875,0.643875,0.624625,0.90225,0.285875,0.225,0.778875,0.5615,0.6615,0.092,0.398,0.67225,0.29675,0.077,0.36625,0.86275,0.44925,0.721625,0.905,0.989875,0.852125,0.136125,0.142375,0.1165,0.758
"G_68",0.33725,0.19975,0.852375,0.42375,0.025375,0.056625,0.011125,0.547125,0.60675,0.082,0.437625,0.015625,0.89,0.6235,0.00025,0.6,0.18125,0.073875,0.0095,0.990375,0.771,0.015375,0.000625,0.029,0.89025,0.5625,0.52875,0.90025,0.67625,0.33025,0.831875,0.981625,0.766875,0.8865,0.262375,0.735875,0.003125,0.949125,0.504375,0.84875,0.781875,0.793125,0.929625,0.948875,0.88,0.919,0.81275,0.063625,0.516625,0.948875,0.426125,0.424875,0.95875,0.2195,0.064875,0.041,0.284125,0.0015,0.6015,0.094125,0.018,0.499,0.292625,0.118625,0.017875,0.0555,0,0.01525,0.260625,0.0145,0.0865,0.699625,0.222,0.051375,0.129625,0.562125,0.03025,0.02175,0.276375,0.095125,0.128875,0.004875,0.05275,0.14175,0.0175,0.003375,0.050125,0.477875,0.073375,0.259,0.578125,0.93925,0.4265,0.010375,0.009875,0.008625,0.09075
"G_69",0.88275,0.78225,0.997625,0.966,0.42075,0.430375,0.308625,0.988625,0.977,0.58275,0.84975,0.354125,0.998875,0.96225,0.0225,0.985875,0.775375,0.753625,0.134125,1,0.986875,0.19025,0.026875,0.283,0.998625,0.97125,0.975875,0.999625,0.993625,0.879625,0.9955,1,0.9775,0.995,0.8695,0.972875,0.06725,0.999125,0.958125,0.995,0.99725,0.988625,0.999125,0.99975,0.996625,0.999125,0.997375,0.548875,0.942125,0.997625,0.95875,0.97025,0.998375,0.8715,0.712875,0.558625,0.852375,0.033,0.952375,0.549,0.443375,0.93775,0.88125,0.821875,0.262,0.537375,0.98475,0,0.949875,0.192,0.645125,0.98425,0.74675,0.726125,0.687125,0.944875,0.297,0.23175,0.84075,0.601375,0.72975,0.09775,0.421375,0.74075,0.294,0.080625,0.383875,0.910125,0.4695,0.77775,0.94275,0.996375,0.904,0.136,0.142375,0.123625,0.8615
"G_70",0.5015,0.335625,0.93025,0.635125,0.069875,0.10725,0.036375,0.7635,0.7595,0.163,0.55925,0.045375,0.947,0.764375,0.00125,0.776875,0.32125,0.187375,0.023875,0.994125,0.872125,0.039125,0.00425,0.064875,0.950375,0.739875,0.7215,0.959375,0.841375,0.49425,0.915125,0.99275,0.8525,0.93675,0.43425,0.83325,0.007625,0.974625,0.674125,0.922875,0.89475,0.880375,0.96575,0.9775,0.937625,0.96725,0.90875,0.130375,0.66975,0.9705,0.63075,0.65025,0.97975,0.3785,0.148375,0.10225,0.4465,0.00375,0.726625,0.174625,0.053375,0.659625,0.46825,0.237625,0.043875,0.1225,0.739375,0.050125,0,0.0325,0.179625,0.83375,0.346375,0.1475,0.2365,0.696,0.066625,0.045,0.42275,0.1865,0.255375,0.01475,0.102875,0.26275,0.04925,0.013625,0.09425,0.61725,0.13225,0.383,0.71875,0.965125,0.58275,0.023125,0.02425,0.022,0.227375
"G_71",0.929,0.90825,0.996125,0.9705,0.79725,0.75025,0.72125,0.985875,0.9805,0.82725,0.92675,0.739,0.996875,0.973625,0.198375,0.983875,0.898375,0.88575,0.40175,0.999625,0.9875,0.535875,0.11575,0.669625,0.997,0.978875,0.97775,0.99825,0.991625,0.928,0.99225,0.999625,0.983875,0.99575,0.92425,0.9775,0.236,0.99775,0.969,0.994375,0.993375,0.99075,0.998375,0.999,0.99675,0.996875,0.9955,0.81,0.960125,0.997125,0.968,0.97525,0.99825,0.95625,0.87475,0.854,0.920375,0.1375,0.971,0.787,0.783375,0.95825,0.9295,0.936,0.64075,0.822625,0.9855,0.808,0.9675,0,0.835625,0.9875,0.885375,0.879,0.86,0.964875,0.60875,0.570875,0.919125,0.825,0.8745,0.312625,0.71025,0.88375,0.652875,0.2915,0.676375,0.949375,0.729375,0.893375,0.968375,0.996875,0.94325,0.438625,0.445625,0.36,0.925625
"G_72",0.759375,0.6415,0.974125,0.863875,0.321625,0.336625,0.24475,0.9165,0.905375,0.45575,0.76375,0.264,0.979375,0.899625,0.035125,0.923875,0.629875,0.566125,0.127375,0.9975,0.9475,0.17,0.032125,0.242375,0.982625,0.90475,0.90325,0.986,0.946375,0.76975,0.964625,0.997375,0.935875,0.9765,0.737125,0.93175,0.065,0.99075,0.86575,0.971875,0.960875,0.953625,0.98775,0.99275,0.9775,0.984875,0.97075,0.418625,0.8675,0.98825,0.865375,0.879125,0.991375,0.70375,0.50675,0.4115,0.7245,0.03825,0.878375,0.43825,0.324625,0.85525,0.758375,0.612375,0.218625,0.405125,0.9135,0.354875,0.820375,0.164375,0,0.940875,0.6205,0.5375,0.543375,0.86975,0.241125,0.19325,0.71275,0.4735,0.573625,0.089875,0.33275,0.592125,0.233875,0.082375,0.296625,0.824375,0.379125,0.660375,0.871875,0.988375,0.808,0.1275,0.123625,0.1045,0.651
"G_73",0.213375,0.140875,0.653625,0.24875,0.026875,0.04575,0.010875,0.31325,0.3935,0.063375,0.332125,0.01275,0.744875,0.432125,0.000625,0.361125,0.127125,0.061,0.009375,0.956,0.58725,0.01375,0.001,0.024,0.685875,0.35075,0.312625,0.71425,0.41,0.2025,0.619375,0.9285,0.618,0.78475,0.155125,0.600875,0.003375,0.887625,0.32375,0.66025,0.52225,0.6325,0.777,0.858875,0.73975,0.770875,0.56575,0.04675,0.336375,0.90475,0.248875,0.260375,0.919,0.165875,0.06075,0.0395,0.177,0.0015,0.447,0.069375,0.015,0.318,0.187625,0.094625,0.015125,0.04575,0.300375,0.01575,0.16625,0.0125,0.059125,0,0.148,0.045125,0.085875,0.412125,0.023,0.017875,0.17725,0.07075,0.08325,0.005375,0.03925,0.091125,0.011375,0.0045,0.03825,0.328125,0.0515,0.1655,0.42925,0.89,0.275625,0.009,0.011125,0.00775,0.064875
"G_74",0.629,0.511625,0.918625,0.7155,0.242875,0.25725,0.18675,0.79275,0.80575,0.346,0.654125,0.19925,0.942375,0.803,0.021375,0.8095,0.503125,0.420875,0.092125,0.990875,0.873125,0.118375,0.02075,0.183375,0.93925,0.77975,0.77225,0.9395,0.845625,0.626875,0.905125,0.98325,0.877375,0.93775,0.58375,0.8665,0.044375,0.9725,0.74475,0.918625,0.882875,0.891,0.954625,0.96925,0.93275,0.950375,0.89625,0.322625,0.7395,0.975,0.722625,0.730625,0.97975,0.566375,0.38425,0.305875,0.59325,0.02375,0.78725,0.33775,0.2415,0.72575,0.616375,0.475,0.164375,0.304125,0.778,0.25325,0.653625,0.114625,0.3795,0.852,0,0.3925,0.424625,0.76225,0.17975,0.145125,0.572,0.363625,0.443875,0.0615,0.251875,0.45375,0.17675,0.05,0.235125,0.708,0.290625,0.530625,0.7685,0.96675,0.683625,0.08775,0.09225,0.075125,0.4795
"G_75",0.769875,0.639875,0.98875,0.89575,0.25675,0.289,0.164875,0.95675,0.931375,0.41525,0.764875,0.1915,0.9925,0.9205,0.010875,0.950125,0.618625,0.544375,0.09225,0.999,0.963,0.125,0.0185,0.188625,0.992875,0.93125,0.930375,0.996,0.9705,0.7775,0.980375,0.999625,0.95225,0.986125,0.7475,0.939375,0.043375,0.99575,0.89,0.986125,0.983375,0.968125,0.9965,0.99825,0.9855,0.994625,0.98675,0.372375,0.883,0.994375,0.892375,0.909625,0.995875,0.70375,0.46425,0.34225,0.722375,0.022375,0.899875,0.4015,0.245,0.8665,0.770125,0.5915,0.1595,0.356125,0.948625,0.273875,0.8525,0.121,0.4625,0.954875,0.6075,0,0.515625,0.876375,0.19225,0.156125,0.7065,0.43275,0.553,0.0605,0.291375,0.571125,0.182,0.052875,0.255875,0.838375,0.3365,0.642375,0.886875,0.99175,0.819875,0.086,0.091125,0.083625,0.656375
"G_76",0.722625,0.6035,0.9585,0.82575,0.29275,0.302375,0.227,0.882,0.876625,0.415625,0.733875,0.244375,0.972,0.872,0.031375,0.890125,0.588375,0.508625,0.10675,0.996,0.936,0.146375,0.025125,0.212375,0.97175,0.86775,0.861,0.975875,0.917375,0.711,0.951,0.994625,0.919,0.967625,0.691125,0.907875,0.05675,0.985125,0.84075,0.959625,0.946375,0.9395,0.9815,0.9885,0.968375,0.9785,0.953125,0.382,0.821,0.9835,0.826625,0.832,0.988125,0.661875,0.465375,0.378,0.68575,0.0295,0.85575,0.400625,0.29,0.81625,0.706625,0.554875,0.199375,0.375375,0.870375,0.312875,0.7635,0.14,0.456625,0.914125,0.575375,0.484375,0,0.83225,0.218125,0.171625,0.67025,0.432,0.5355,0.07725,0.301375,0.54125,0.21625,0.069625,0.275875,0.788875,0.34,0.621375,0.8415,0.9825,0.774,0.10825,0.109,0.09525,0.59025
"G_77",0.327375,0.23425,0.708875,0.38025,0.069,0.088375,0.044,0.44975,0.5035,0.12275,0.408,0.050875,0.76525,0.533875,0.003375,0.495875,0.214625,0.141875,0.0215,0.9485,0.663875,0.036125,0.00525,0.054625,0.7345,0.47325,0.44675,0.750125,0.532625,0.31325,0.683125,0.911125,0.671375,0.7945,0.270375,0.65575,0.013125,0.886625,0.43325,0.724,0.619625,0.68775,0.798375,0.85575,0.769875,0.793375,0.64825,0.1065,0.444375,0.9045,0.390875,0.386125,0.913,0.26175,0.12475,0.0915,0.289875,0.004875,0.527625,0.124125,0.052125,0.429625,0.29525,0.176375,0.040375,0.09775,0.437875,0.055125,0.304,0.035125,0.13025,0.587875,0.23775,0.123625,0.16775,0,0.052,0.037375,0.275375,0.130875,0.172625,0.013875,0.081,0.1765,0.04075,0.014375,0.074,0.434875,0.097625,0.251625,0.51,0.889125,0.3935,0.022875,0.023875,0.019375,0.170875
"G_78",0.898875,0.849,0.9915,0.949875,0.665875,0.635,0.58925,0.97375,0.966375,0.735125,0.89,0.612875,0.992875,0.957,0.149,0.97125,0.842125,0.815,0.319,0.99975,0.9825,0.416,0.09575,0.54075,0.995,0.963625,0.963375,0.99625,0.982875,0.892625,0.9885,0.999375,0.97525,0.99275,0.893125,0.973625,0.1865,0.99825,0.948875,0.993125,0.9895,0.9845,0.99575,0.998,0.991375,0.9965,0.989125,0.71425,0.940625,0.9955,0.95425,0.955625,0.99675,0.896625,0.795125,0.74025,0.8875,0.11425,0.957,0.7005,0.67375,0.942625,0.897875,0.866625,0.51375,0.714125,0.96975,0.703,0.933375,0.39125,0.758875,0.977,0.82025,0.80775,0.781875,0.948,0,0.452125,0.8775,0.74,0.814625,0.2435,0.607,0.818125,0.53675,0.222,0.570875,0.92675,0.637125,0.839,0.94475,0.996625,0.916625,0.33925,0.33775,0.280625,0.87475
"G_79",0.919625,0.88,0.995,0.96025,0.72975,0.683875,0.654625,0.980375,0.97475,0.78475,0.908625,0.685,0.996625,0.963375,0.158875,0.981,0.880875,0.85875,0.339,0.999125,0.983125,0.459125,0.092125,0.59875,0.99575,0.97,0.970875,0.997375,0.988375,0.90825,0.99175,0.9995,0.981375,0.99275,0.907875,0.97525,0.19675,0.997375,0.96025,0.993625,0.99125,0.9875,0.996875,0.998375,0.992,0.9965,0.993,0.771,0.952375,0.997,0.9605,0.970625,0.998,0.936125,0.8445,0.809125,0.912875,0.117125,0.96475,0.74375,0.734375,0.954875,0.918375,0.909875,0.56375,0.775,0.97825,0.76825,0.955,0.429125,0.80675,0.982125,0.854875,0.843875,0.828375,0.962625,0.547875,0,0.90875,0.792875,0.846875,0.26775,0.657375,0.856,0.588125,0.23375,0.621125,0.93975,0.685,0.86775,0.9575,0.995875,0.932,0.369375,0.37175,0.30225,0.908625
"G_80",0.563,0.4315,0.90725,0.6645,0.166625,0.18575,0.114,0.74575,0.773125,0.269375,0.605125,0.130625,0.929,0.774,0.013125,0.771,0.418375,0.32725,0.062,0.988,0.863875,0.083875,0.01375,0.12475,0.928,0.74325,0.725875,0.932875,0.81375,0.550375,0.890875,0.98325,0.862,0.934375,0.51875,0.83975,0.030125,0.96625,0.70475,0.90125,0.86275,0.867,0.94325,0.964875,0.92475,0.9445,0.88675,0.231875,0.703125,0.9675,0.674625,0.676625,0.97525,0.47375,0.28375,0.214125,0.525,0.017375,0.745125,0.2665,0.15075,0.681625,0.54525,0.368375,0.106375,0.221125,0.723625,0.15925,0.57725,0.080875,0.28725,0.82275,0.428,0.2935,0.32975,0.724625,0.1225,0.09125,0,0.27275,0.3635,0.043625,0.184875,0.369625,0.11075,0.039125,0.17,0.655875,0.21075,0.455375,0.742125,0.96075,0.63525,0.0535,0.06425,0.05525,0.384
"G_81",0.775125,0.66225,0.96875,0.863,0.361,0.36525,0.28925,0.9145,0.907625,0.488,0.768625,0.3095,0.977875,0.89325,0.039875,0.9165,0.650375,0.592125,0.133375,0.997875,0.94725,0.17925,0.031875,0.267,0.980375,0.892875,0.892875,0.980625,0.940875,0.764875,0.961875,0.99625,0.938125,0.975375,0.75075,0.922625,0.071125,0.99025,0.872,0.968625,0.957375,0.956375,0.985625,0.990375,0.974625,0.983625,0.962875,0.453625,0.856625,0.98925,0.864875,0.872125,0.99125,0.725,0.542125,0.454,0.743125,0.039125,0.8845,0.463375,0.371375,0.848625,0.7585,0.63775,0.238375,0.4385,0.904875,0.398625,0.8135,0.175,0.5265,0.92925,0.636375,0.56725,0.568,0.869125,0.26,0.207125,0.72725,0,0.59725,0.094125,0.3615,0.611625,0.26525,0.082625,0.33225,0.8215,0.39725,0.672625,0.87075,0.985625,0.81725,0.130125,0.137,0.116375,0.671375
"G_82",0.699,0.569375,0.97025,0.811,0.259875,0.279,0.184625,0.88575,0.882625,0.37825,0.7155,0.201625,0.980875,0.871875,0.01825,0.8975,0.562625,0.473,0.095375,0.99775,0.934125,0.128625,0.0205,0.19575,0.979875,0.857125,0.8615,0.981,0.92375,0.700125,0.956375,0.9965,0.928125,0.975375,0.671375,0.914,0.04575,0.990375,0.829375,0.962,0.945375,0.939375,0.985125,0.991375,0.96925,0.980375,0.958375,0.3445,0.81875,0.987375,0.816375,0.822125,0.991375,0.62675,0.425,0.333,0.659375,0.024,0.854125,0.3685,0.248875,0.807125,0.694375,0.533875,0.17025,0.3385,0.871125,0.27025,0.744625,0.1255,0.426375,0.91675,0.556125,0.447,0.4645,0.827375,0.185375,0.153125,0.6365,0.40275,0,0.063375,0.268375,0.506,0.178,0.05325,0.242625,0.783625,0.306875,0.58575,0.836,0.984125,0.754875,0.091875,0.09575,0.078625,0.553875
"G_83",0.965,0.948625,0.9985,0.99,0.894875,0.85325,0.84375,0.994875,0.991,0.9045,0.957125,0.851125,0.998875,0.9865,0.43325,0.993625,0.94875,0.94525,0.6115,0.999875,0.994125,0.726375,0.255625,0.81725,0.999125,0.98925,0.991375,0.999625,0.996375,0.96025,0.997875,1,0.992875,0.99825,0.96275,0.989875,0.427875,0.999625,0.986,0.998,0.9985,0.995125,0.99925,0.999625,0.99825,0.999375,0.998375,0.8955,0.982,0.99925,0.988625,0.991125,0.99925,0.976375,0.9355,0.928375,0.958125,0.29475,0.987375,0.881875,0.886125,0.980375,0.965125,0.968625,0.798625,0.908,0.995125,0.90225,0.98525,0.687375,0.910125,0.994625,0.9385,0.9395,0.92275,0.986125,0.7565,0.73225,0.956375,0.905875,0.936625,0,0.824,0.940125,0.799,0.4885,0.80075,0.975875,0.84025,0.944125,0.984875,0.999,0.972,0.629,0.638875,0.54925,0.966125
"G_84",0.8505,0.78125,0.984875,0.91775,0.534375,0.51975,0.45,0.952375,0.943,0.627625,0.84025,0.4825,0.98925,0.936375,0.089625,0.95125,0.765,0.72675,0.227125,0.99825,0.969125,0.297125,0.065125,0.41625,0.989375,0.937,0.937125,0.98925,0.965875,0.846875,0.977125,0.998375,0.960875,0.9865,0.841,0.95625,0.125,0.994125,0.9215,0.984875,0.974625,0.968625,0.991,0.994125,0.987,0.98975,0.98125,0.6045,0.908,0.991625,0.92125,0.92725,0.996875,0.8355,0.69825,0.620375,0.8285,0.07625,0.92725,0.594375,0.543,0.9065,0.84825,0.7745,0.38275,0.602,0.94725,0.578625,0.897125,0.28975,0.66725,0.96075,0.748125,0.708625,0.698625,0.919,0.393,0.342625,0.815125,0.6385,0.731625,0.176,0,0.742,0.410625,0.1565,0.458375,0.8885,0.537125,0.778,0.919375,0.99125,0.8725,0.236875,0.241375,0.20025,0.79875
"G_85",0.69575,0.561125,0.962125,0.8025,0.246125,0.276,0.17625,0.8825,0.878,0.3705,0.703375,0.19825,0.975375,0.863375,0.015375,0.88725,0.5455,0.463,0.086875,0.998125,0.936125,0.11925,0.017,0.182125,0.97325,0.85725,0.85125,0.97975,0.91825,0.693375,0.947125,0.99625,0.922,0.9695,0.66675,0.91125,0.04175,0.989375,0.82275,0.95975,0.942875,0.932,0.982,0.9895,0.968,0.980875,0.956875,0.33525,0.809875,0.986,0.8045,0.816375,0.98925,0.622,0.4065,0.324375,0.655125,0.02175,0.84575,0.359125,0.232375,0.79775,0.682625,0.51175,0.1595,0.32775,0.85825,0.25925,0.73725,0.11625,0.407875,0.908875,0.54625,0.428875,0.45875,0.8235,0.181875,0.144,0.630375,0.388375,0.494,0.059875,0.258,0,0.16625,0.0475,0.23325,0.778375,0.30175,0.584375,0.830375,0.984375,0.7485,0.07875,0.092875,0.072625,0.54025
"G_86",0.91175,0.855625,0.99675,0.966,0.646,0.609,0.561125,0.985625,0.9785,0.729875,0.8975,0.595,0.99725,0.97075,0.09975,0.982875,0.844,0.837,0.269125,0.9995,0.989,0.364,0.07725,0.493,0.998375,0.975375,0.97725,0.998125,0.989125,0.9045,0.9935,0.999875,0.984125,0.99575,0.9085,0.980375,0.154,0.99875,0.96175,0.99475,0.993875,0.9895,0.99825,0.999375,0.99575,0.997375,0.9955,0.707625,0.952875,0.997625,0.961375,0.97225,0.99775,0.919875,0.812,0.743375,0.89675,0.088625,0.9635,0.688125,0.656875,0.95175,0.91175,0.88125,0.470375,0.70325,0.9825,0.706,0.95075,0.347125,0.766125,0.988625,0.82325,0.818,0.78375,0.95925,0.46325,0.411875,0.88925,0.73475,0.822,0.201,0.589375,0.83375,0,0.178375,0.54525,0.93725,0.62575,0.853375,0.957125,0.997375,0.9235,0.28825,0.299375,0.238125,0.891
"G_87",0.972125,0.957875,0.998875,0.988875,0.916875,0.872625,0.8625,0.99675,0.992875,0.91925,0.965625,0.869125,0.998875,0.990125,0.439375,0.996,0.9605,0.95325,0.627375,1,0.99625,0.75,0.246,0.83725,0.99925,0.99225,0.994625,0.99975,0.996625,0.96625,0.997375,0.999875,0.9945,0.99775,0.96775,0.99325,0.432625,0.999625,0.9875,0.998625,0.998,0.9955,0.999125,0.99975,0.998,0.999375,0.999375,0.905,0.983375,0.999375,0.989875,0.992,0.999375,0.984625,0.944,0.943875,0.96875,0.286625,0.988,0.8975,0.90625,0.984375,0.96975,0.979625,0.823,0.923,0.996625,0.919375,0.986375,0.7085,0.917625,0.9955,0.95,0.947125,0.930375,0.985625,0.778,0.76625,0.960875,0.917375,0.94675,0.5115,0.8435,0.9525,0.821625,0,0.822125,0.977875,0.853375,0.950625,0.987625,0.999125,0.977625,0.64925,0.659125,0.56025,0.971375
"G_88",0.862625,0.79775,0.984,0.928625,0.580125,0.555,0.50525,0.954875,0.948,0.6635,0.85225,0.526625,0.990125,0.939125,0.114625,0.95475,0.79475,0.758875,0.2545,0.997625,0.972,0.34825,0.076625,0.463125,0.989375,0.94025,0.9415,0.992625,0.968,0.858875,0.979875,0.998375,0.96225,0.9875,0.85175,0.958625,0.152875,0.99275,0.9275,0.98575,0.9795,0.972875,0.9925,0.994875,0.985,0.9915,0.981375,0.646875,0.92025,0.994,0.92625,0.93325,0.995875,0.849375,0.73025,0.661,0.8405,0.0915,0.932125,0.628125,0.586125,0.913,0.866625,0.803375,0.42875,0.63375,0.949875,0.616125,0.90575,0.323625,0.703375,0.96175,0.764875,0.744125,0.724125,0.926,0.429125,0.378875,0.83,0.66775,0.757375,0.19925,0.541625,0.76675,0.45475,0.177875,0,0.898125,0.57125,0.795875,0.924,0.992125,0.891125,0.272875,0.28525,0.237125,0.814375
"G_89",0.39175,0.284375,0.781,0.464625,0.103125,0.1225,0.06175,0.542625,0.590625,0.16575,0.465625,0.07125,0.831875,0.607375,0.007125,0.58125,0.272125,0.19175,0.03975,0.96775,0.728,0.051625,0.008125,0.076875,0.800125,0.553125,0.529125,0.813,0.628875,0.38375,0.75225,0.94375,0.734,0.858375,0.337875,0.723375,0.018,0.918875,0.518375,0.778625,0.695625,0.751375,0.854625,0.900375,0.824375,0.850125,0.725375,0.14125,0.5275,0.94025,0.470125,0.477625,0.943125,0.32625,0.17075,0.12925,0.355875,0.008375,0.59875,0.16775,0.085125,0.504875,0.362625,0.234,0.064,0.13725,0.522125,0.089875,0.38275,0.050625,0.175625,0.671875,0.292,0.161625,0.211125,0.565125,0.07325,0.06025,0.344125,0.1785,0.216375,0.024125,0.1115,0.221625,0.06275,0.022125,0.101875,0,0.134875,0.302875,0.587375,0.930625,0.465625,0.035875,0.039375,0.03125,0.2225
"G_90",0.82025,0.74575,0.979125,0.899875,0.48925,0.472875,0.4125,0.93425,0.927625,0.58925,0.822625,0.443875,0.983,0.926,0.078375,0.942,0.730625,0.693,0.209875,0.99825,0.962375,0.2775,0.0585,0.376375,0.985625,0.922875,0.923375,0.98625,0.9535,0.819875,0.97,0.997875,0.951375,0.982625,0.807125,0.94375,0.11325,0.992375,0.8995,0.97775,0.969625,0.964375,0.9905,0.992625,0.982375,0.98775,0.97375,0.564875,0.890125,0.991,0.89625,0.90475,0.993,0.798,0.658625,0.575375,0.795375,0.06975,0.912,0.565125,0.497625,0.88225,0.81675,0.73025,0.358125,0.55075,0.926625,0.5305,0.86775,0.270625,0.620875,0.9485,0.709375,0.6635,0.66,0.902375,0.362875,0.315,0.78925,0.60275,0.693125,0.15975,0.462875,0.69825,0.37425,0.146625,0.42875,0.865125,0,0.744,0.90325,0.98975,0.853125,0.221625,0.221,0.187375,0.758625
"G_91",0.60525,0.48325,0.91375,0.696875,0.217625,0.22575,0.158125,0.769,0.7855,0.31875,0.637875,0.177875,0.93825,0.793125,0.019875,0.78925,0.46275,0.388,0.080875,0.99025,0.874375,0.11075,0.01975,0.16225,0.934125,0.76625,0.748625,0.939625,0.83225,0.598875,0.898875,0.984625,0.870125,0.93825,0.55575,0.856625,0.042125,0.972375,0.7315,0.9165,0.871,0.880125,0.95075,0.972,0.932375,0.94975,0.893125,0.28425,0.723375,0.974125,0.693125,0.703125,0.97975,0.52875,0.349,0.274125,0.56325,0.02175,0.770875,0.304625,0.20475,0.715125,0.582875,0.43275,0.14,0.278375,0.741,0.22225,0.617,0.106625,0.339625,0.8345,0.469375,0.357625,0.378625,0.748375,0.161,0.13225,0.544625,0.327375,0.41425,0.055875,0.222,0.415625,0.146625,0.049375,0.204125,0.697125,0.256,0,0.752375,0.969875,0.6625,0.084875,0.084875,0.073,0.448375
"G_92",0.313875,0.223625,0.691,0.366625,0.072625,0.085,0.043875,0.43375,0.484625,0.13,0.395125,0.045375,0.758625,0.51525,0.004625,0.47325,0.215125,0.135125,0.024375,0.94275,0.64125,0.0365,0.0045,0.055375,0.71325,0.465625,0.431875,0.728,0.522875,0.2985,0.66425,0.90725,0.65775,0.790125,0.256875,0.646125,0.010375,0.881125,0.42325,0.6965,0.595375,0.672,0.78025,0.8505,0.756625,0.77725,0.630375,0.104625,0.43175,0.904375,0.37,0.37475,0.916,0.256125,0.11975,0.08875,0.2805,0.005875,0.518125,0.123,0.058125,0.412625,0.28225,0.176625,0.04075,0.095,0.421875,0.05725,0.28125,0.031625,0.128125,0.57075,0.2315,0.113125,0.1585,0.49,0.05525,0.0425,0.257875,0.12925,0.164,0.015125,0.080625,0.169625,0.042875,0.012375,0.076,0.412625,0.09675,0.247625,0,0.893375,0.37275,0.02225,0.02775,0.020875,0.157125
"G_93",0.038875,0.032625,0.142,0.046625,0.004,0.010375,0.003,0.062875,0.071,0.01275,0.0815,0.0035,0.18025,0.093375,0.000125,0.065875,0.029125,0.009875,0.00225,0.54475,0.127375,0.003625,0.00025,0.006625,0.157,0.07725,0.061375,0.1765,0.071,0.039,0.167875,0.382375,0.1655,0.248875,0.019875,0.169625,0.000875,0.38375,0.056625,0.199875,0.11925,0.17225,0.232,0.283625,0.2125,0.208375,0.102125,0.012125,0.065625,0.552,0.041,0.04925,0.55275,0.044875,0.011125,0.007875,0.038375,0.000625,0.1185,0.014,0.0035,0.0645,0.035,0.020375,0.002875,0.010125,0.06075,0.003625,0.034875,0.003125,0.011625,0.11,0.03325,0.00825,0.0175,0.110875,0.003375,0.004125,0.03925,0.014375,0.015875,0.001,0.00875,0.015625,0.002625,0.000875,0.007875,0.069375,0.01025,0.030125,0.106625,0,0.0565,0.0015,0.00275,0.00225,0.01175
"G_94",0.42375,0.306,0.83775,0.50525,0.11425,0.130625,0.065625,0.599,0.638,0.183625,0.4995,0.07225,0.875,0.657375,0.008375,0.62625,0.29725,0.209375,0.038875,0.978,0.774125,0.0635,0.008375,0.091625,0.853,0.602375,0.579125,0.862,0.685,0.41675,0.798125,0.96675,0.789125,0.89225,0.371125,0.760625,0.017625,0.941625,0.55775,0.8255,0.74875,0.789125,0.89925,0.9355,0.865875,0.887875,0.78725,0.1635,0.574125,0.9495,0.523375,0.518625,0.963125,0.349125,0.185,0.148125,0.381,0.009375,0.638125,0.178875,0.090625,0.555625,0.405625,0.255375,0.07225,0.147875,0.5735,0.096,0.41725,0.05675,0.192,0.724375,0.316375,0.180125,0.226,0.6065,0.083375,0.068,0.36475,0.18275,0.245125,0.028,0.1275,0.2515,0.0765,0.022375,0.108875,0.534375,0.146875,0.3375,0.62725,0.9435,0,0.038625,0.03925,0.030875,0.2515
"G_95",0.95175,0.932375,0.997625,0.984125,0.845125,0.787875,0.77825,0.9915,0.9875,0.8685,0.946375,0.799125,0.998875,0.98225,0.267125,0.990875,0.92925,0.92225,0.469125,0.999625,0.993375,0.6035,0.1555,0.72725,0.998375,0.986,0.98575,0.998875,0.994375,0.948625,0.997125,0.999875,0.989375,0.996375,0.9535,0.987875,0.29525,0.998875,0.978,0.996375,0.99675,0.991625,0.99925,0.999375,0.997125,0.998625,0.997375,0.8535,0.97325,0.997,0.983625,0.985875,0.99925,0.967,0.9085,0.89575,0.94725,0.1825,0.98175,0.830125,0.839875,0.970375,0.948625,0.958375,0.699,0.863875,0.989625,0.864,0.976875,0.561375,0.8725,0.991,0.91225,0.914,0.89175,0.977125,0.66075,0.630625,0.9465,0.869875,0.908125,0.371,0.763125,0.92125,0.71175,0.35075,0.727125,0.964125,0.778375,0.915125,0.97775,0.9985,0.961375,0,0.50775,0.424125,0.951125
"G_96",0.94925,0.925875,0.9955,0.980375,0.837375,0.785875,0.77375,0.990125,0.98625,0.860625,0.94125,0.79125,0.998,0.98075,0.26175,0.989375,0.926375,0.91025,0.46425,0.999625,0.991875,0.589375,0.155125,0.72375,0.9985,0.982375,0.9845,0.998625,0.994375,0.94725,0.9945,0.999625,0.989,0.9955,0.94775,0.98625,0.284875,0.99875,0.97975,0.997125,0.99475,0.993375,0.999375,0.999,0.996125,0.998375,0.996875,0.84725,0.9725,0.997625,0.982125,0.983125,0.9985,0.9665,0.911875,0.8895,0.943625,0.18,0.98075,0.829375,0.83275,0.96925,0.95075,0.950625,0.6895,0.857625,0.990125,0.857625,0.97575,0.554375,0.876375,0.988875,0.90775,0.908875,0.891,0.976125,0.66225,0.62825,0.93575,0.863,0.90425,0.361125,0.758625,0.907125,0.700625,0.340875,0.71475,0.960625,0.779,0.915125,0.97225,0.99725,0.96075,0.49225,0,0.4155,0.948
"G_97",0.955875,0.936125,0.997625,0.9825,0.86775,0.824875,0.810625,0.9905,0.98725,0.878375,0.9515,0.820375,0.99825,0.981875,0.37325,0.9915,0.93275,0.9275,0.5535,1,0.992625,0.677375,0.220125,0.774125,0.999,0.985125,0.98825,0.9985,0.99275,0.951625,0.9955,1,0.99175,0.996625,0.9515,0.987875,0.38125,0.997875,0.98075,0.996125,0.995625,0.991875,0.9995,0.999,0.996875,0.998375,0.996625,0.8725,0.974,0.998625,0.98125,0.98575,0.998875,0.97075,0.9155,0.905,0.950125,0.252,0.98125,0.859,0.862375,0.9735,0.95875,0.957375,0.746625,0.8835,0.991375,0.876375,0.978,0.64,0.8955,0.99225,0.924875,0.916375,0.90475,0.980625,0.719375,0.69775,0.94475,0.883625,0.921375,0.45075,0.79975,0.927375,0.761875,0.43975,0.762875,0.96875,0.812625,0.927,0.979125,0.99775,0.969125,0.575875,0.5845,0,0.95575
"G_98",0.68725,0.53625,0.97975,0.831,0.157375,0.20525,0.0895,0.922125,0.895375,0.3015,0.69875,0.104375,0.987375,0.88075,0.003875,0.915625,0.515375,0.392375,0.049,0.998875,0.94625,0.076875,0.0075,0.119125,0.992125,0.89025,0.884,0.991375,0.95,0.693375,0.968875,0.9985,0.93025,0.976625,0.648625,0.91125,0.023,0.99175,0.843125,0.97775,0.969875,0.950625,0.992875,0.99575,0.9795,0.992125,0.976,0.2685,0.82725,0.988125,0.83825,0.85425,0.99525,0.589,0.32825,0.22275,0.63825,0.009,0.85325,0.3045,0.1295,0.8135,0.681,0.44775,0.092,0.242,0.90925,0.1385,0.772625,0.074375,0.349,0.935125,0.5205,0.343625,0.40975,0.829125,0.12525,0.091375,0.616,0.328625,0.446125,0.033875,0.20125,0.45975,0.109,0.028625,0.185625,0.7775,0.241375,0.551625,0.842875,0.98825,0.7485,0.048875,0.052,0.04425,0
